{
"lengthUnit": "mil",
"components": {
	"fields": ["COMPONENT_NO", "COMPONENT_NAME", "LAYER", "X_COORDINATE", "Y_COORDINATE", "ANGLE"],
	"rows": [
		[1, "LED1", "T", -1318.9, 374.02, 0],
		[2, "LED2", "T", -791.34, 374.02, 0],
		[3, "LED3", "T", -263.78, 374.02, 0],
		[4, "LED4", "T", 263.78, -374.02, 0],
		[5, "LED5", "T", 791.34, -374.02, 0],
		[6, "LED6", "T", 1318.9, -374.02, 0],
		[7, "U0", "B", -791.34, -622.05, 180],
		[8, "U1", "T", -1318.9, -318.9, 180],
		[9, "U2", "T", -791.34, -318.9, 180],
		[10, "U3", "T", -263.78, -318.9, 180],
		[11, "U4", "T", 263.78, 318.9, 0],
		[12, "U5", "T", 791.34, 318.9, 0],
		[13, "U6", "T", 1318.9, 318.9, 0]
	]
},
"pins": {
	"fields": ["PIN_NO", "PIN_NAME", "PIN_X", "PIN_Y", "LAYER", "PIN_TYPE", "NET_NAME", "NET_TYPE", "PAD_SHAPE", "PAD_SIZEX", "PAD_SIZEY", "HOLE_SIZE", "PAD_ANGLE"],
	"rows": [
		[1, "LED1_1", -1518.9, 74.02, "T", "DIP", "E1", "", "C", 60, 60, 31.5, 0],
		[2, "LED1_1", -1518.9, 74.02, "B", "DIP", "E1", "", "C", 60, 60, 31.5, 0],
		[3, "LED1_2", -1418.9, 74.02, "T", "DIP", "D1", "", "C", 60, 60, 31.5, 0],
		[4, "LED1_2", -1418.9, 74.02, "B", "DIP", "D1", "", "C", 60, 60, 31.5, 0],
		[5, "LED1_3", -1318.9, 74.02, "T", "DIP", "GND", "GND", "C", 60, 60, 31.5, 0],
		[6, "LED1_3", -1318.9, 74.02, "B", "DIP", "GND", "GND", "C", 60, 60, 31.5, 0],
		[7, "LED1_4", -1218.9, 74.02, "T", "DIP", "C1", "", "C", 60, 60, 31.5, 0],
		[8, "LED1_4", -1218.9, 74.02, "B", "DIP", "C1", "", "C", 60, 60, 31.5, 0],
		[9, "LED1_5", -1118.9, 74.02, "T", "DIP", "DP1", "", "C", 60, 60, 31.5, 0],
		[10, "LED1_5", -1118.9, 74.02, "B", "DIP", "DP1", "", "C", 60, 60, 31.5, 0],
		[11, "LED1_6", -1118.9, 674.02, "T", "DIP", "B1", "", "C", 60, 60, 31.5, 0],
		[12, "LED1_6", -1118.9, 674.02, "B", "DIP", "B1", "", "C", 60, 60, 31.5, 0],
		[13, "LED1_7", -1218.9, 674.02, "T", "DIP", "A1", "", "C", 60, 60, 31.5, 0],
		[14, "LED1_7", -1218.9, 674.02, "B", "DIP", "A1", "", "C", 60, 60, 31.5, 0],
		[15, "LED1_8", -1318.9, 674.02, "T", "DIP", "GND", "GND", "C", 60, 60, 31.5, 0],
		[16, "LED1_8", -1318.9, 674.02, "B", "DIP", "GND", "GND", "C", 60, 60, 31.5, 0],
		[17, "LED1_9", -1418.9, 674.02, "T", "DIP", "F1", "", "C", 60, 60, 31.5, 0],
		[18, "LED1_9", -1418.9, 674.02, "B", "DIP", "F1", "", "C", 60, 60, 31.5, 0],
		[19, "LED1_10", -1518.9, 674.02, "T", "DIP", "G1", "", "C", 60, 60, 31.5, 0],
		[20, "LED1_10", -1518.9, 674.02, "B", "DIP", "G1", "", "C", 60, 60, 31.5, 0],
		[21, "LED2_1", -991.34, 74.02, "T", "DIP", "E2", "", "C", 60, 60, 31.5, 0],
		[22, "LED2_1", -991.34, 74.02, "B", "DIP", "E2", "", "C", 60, 60, 31.5, 0],
		[23, "LED2_2", -891.34, 74.02, "T", "DIP", "D2", "", "C", 60, 60, 31.5, 0],
		[24, "LED2_2", -891.34, 74.02, "B", "DIP", "D2", "", "C", 60, 60, 31.5, 0],
		[25, "LED2_3", -791.34, 74.02, "T", "DIP", "GND", "GND", "C", 60, 60, 31.5, 0],
		[26, "LED2_3", -791.34, 74.02, "B", "DIP", "GND", "GND", "C", 60, 60, 31.5, 0],
		[27, "LED2_4", -691.34, 74.02, "T", "DIP", "C2", "", "C", 60, 60, 31.5, 0],
		[28, "LED2_4", -691.34, 74.02, "B", "DIP", "C2", "", "C", 60, 60, 31.5, 0],
		[29, "LED2_5", -591.34, 74.02, "T", "DIP", "DP2", "", "C", 60, 60, 31.5, 0],
		[30, "LED2_5", -591.34, 74.02, "B", "DIP", "DP2", "", "C", 60, 60, 31.5, 0],
		[31, "LED2_6", -591.34, 674.02, "T", "DIP", "B2", "", "C", 60, 60, 31.5, 0],
		[32, "LED2_6", -591.34, 674.02, "B", "DIP", "B2", "", "C", 60, 60, 31.5, 0],
		[33, "LED2_7", -691.34, 674.02, "T", "DIP", "A2", "", "C", 60, 60, 31.5, 0],
		[34, "LED2_7", -691.34, 674.02, "B", "DIP", "A2", "", "C", 60, 60, 31.5, 0],
		[35, "LED2_8", -791.34, 674.02, "T", "DIP", "GND", "GND", "C", 60, 60, 31.5, 0],
		[36, "LED2_8", -791.34, 674.02, "B", "DIP", "GND", "GND", "C", 60, 60, 31.5, 0],
		[37, "LED2_9", -891.34, 674.02, "T", "DIP", "F2", "", "C", 60, 60, 31.5, 0],
		[38, "LED2_9", -891.34, 674.02, "B", "DIP", "F2", "", "C", 60, 60, 31.5, 0],
		[39, "LED2_10", -991.34, 674.02, "T", "DIP", "G2", "", "C", 60, 60, 31.5, 0],
		[40, "LED2_10", -991.34, 674.02, "B", "DIP", "G2", "", "C", 60, 60, 31.5, 0],
		[41, "LED3_1", -463.78, 74.02, "T", "DIP", "E3", "", "C", 60, 60, 31.5, 0],
		[42, "LED3_1", -463.78, 74.02, "B", "DIP", "E3", "", "C", 60, 60, 31.5, 0],
		[43, "LED3_2", -363.78, 74.02, "T", "DIP", "D3", "", "C", 60, 60, 31.5, 0],
		[44, "LED3_2", -363.78, 74.02, "B", "DIP", "D3", "", "C", 60, 60, 31.5, 0],
		[45, "LED3_3", -263.78, 74.02, "T", "DIP", "GND", "GND", "C", 60, 60, 31.5, 0],
		[46, "LED3_3", -263.78, 74.02, "B", "DIP", "GND", "GND", "C", 60, 60, 31.5, 0],
		[47, "LED3_4", -163.78, 74.02, "T", "DIP", "C3", "", "C", 60, 60, 31.5, 0],
		[48, "LED3_4", -163.78, 74.02, "B", "DIP", "C3", "", "C", 60, 60, 31.5, 0],
		[49, "LED3_5", -63.78, 74.02, "T", "DIP", "DP3", "", "C", 60, 60, 31.5, 0],
		[50, "LED3_5", -63.78, 74.02, "B", "DIP", "DP3", "", "C", 60, 60, 31.5, 0],
		[51, "LED3_6", -63.78, 674.02, "T", "DIP", "B3", "", "C", 60, 60, 31.5, 0],
		[52, "LED3_6", -63.78, 674.02, "B", "DIP", "B3", "", "C", 60, 60, 31.5, 0],
		[53, "LED3_7", -163.78, 674.02, "T", "DIP", "A3", "", "C", 60, 60, 31.5, 0],
		[54, "LED3_7", -163.78, 674.02, "B", "DIP", "A3", "", "C", 60, 60, 31.5, 0],
		[55, "LED3_8", -263.78, 674.02, "T", "DIP", "GND", "GND", "C", 60, 60, 31.5, 0],
		[56, "LED3_8", -263.78, 674.02, "B", "DIP", "GND", "GND", "C", 60, 60, 31.5, 0],
		[57, "LED3_9", -363.78, 674.02, "T", "DIP", "F3", "", "C", 60, 60, 31.5, 0],
		[58, "LED3_9", -363.78, 674.02, "B", "DIP", "F3", "", "C", 60, 60, 31.5, 0],
		[59, "LED3_10", -463.78, 674.02, "T", "DIP", "G3", "", "C", 60, 60, 31.5, 0],
		[60, "LED3_10", -463.78, 674.02, "B", "DIP", "G3", "", "C", 60, 60, 31.5, 0],
		[61, "LED4_1", 63.78, -674.02, "T", "DIP", "E4", "", "C", 60, 60, 31.5, 0],
		[62, "LED4_1", 63.78, -674.02, "B", "DIP", "E4", "", "C", 60, 60, 31.5, 0],
		[63, "LED4_2", 163.78, -674.02, "T", "DIP", "D4", "", "C", 60, 60, 31.5, 0],
		[64, "LED4_2", 163.78, -674.02, "B", "DIP", "D4", "", "C", 60, 60, 31.5, 0],
		[65, "LED4_3", 263.78, -674.02, "T", "DIP", "GND", "GND", "C", 60, 60, 31.5, 0],
		[66, "LED4_3", 263.78, -674.02, "B", "DIP", "GND", "GND", "C", 60, 60, 31.5, 0],
		[67, "LED4_4", 363.78, -674.02, "T", "DIP", "C4", "", "C", 60, 60, 31.5, 0],
		[68, "LED4_4", 363.78, -674.02, "B", "DIP", "C4", "", "C", 60, 60, 31.5, 0],
		[69, "LED4_5", 463.78, -674.02, "T", "DIP", "DP4", "", "C", 60, 60, 31.5, 0],
		[70, "LED4_5", 463.78, -674.02, "B", "DIP", "DP4", "", "C", 60, 60, 31.5, 0],
		[71, "LED4_6", 463.78, -74.02, "T", "DIP", "B4", "", "C", 60, 60, 31.5, 0],
		[72, "LED4_6", 463.78, -74.02, "B", "DIP", "B4", "", "C", 60, 60, 31.5, 0],
		[73, "LED4_7", 363.78, -74.02, "T", "DIP", "A4", "", "C", 60, 60, 31.5, 0],
		[74, "LED4_7", 363.78, -74.02, "B", "DIP", "A4", "", "C", 60, 60, 31.5, 0],
		[75, "LED4_8", 263.78, -74.02, "T", "DIP", "GND", "GND", "C", 60, 60, 31.5, 0],
		[76, "LED4_8", 263.78, -74.02, "B", "DIP", "GND", "GND", "C", 60, 60, 31.5, 0],
		[77, "LED4_9", 163.78, -74.02, "T", "DIP", "F4", "", "C", 60, 60, 31.5, 0],
		[78, "LED4_9", 163.78, -74.02, "B", "DIP", "F4", "", "C", 60, 60, 31.5, 0],
		[79, "LED4_10", 63.78, -74.02, "T", "DIP", "G4", "", "C", 60, 60, 31.5, 0],
		[80, "LED4_10", 63.78, -74.02, "B", "DIP", "G4", "", "C", 60, 60, 31.5, 0],
		[81, "LED5_1", 591.34, -674.02, "T", "DIP", "E5", "", "C", 60, 60, 31.5, 0],
		[82, "LED5_1", 591.34, -674.02, "B", "DIP", "E5", "", "C", 60, 60, 31.5, 0],
		[83, "LED5_2", 691.34, -674.02, "T", "DIP", "D5", "", "C", 60, 60, 31.5, 0],
		[84, "LED5_2", 691.34, -674.02, "B", "DIP", "D5", "", "C", 60, 60, 31.5, 0],
		[85, "LED5_3", 791.34, -674.02, "T", "DIP", "GND", "GND", "C", 60, 60, 31.5, 0],
		[86, "LED5_3", 791.34, -674.02, "B", "DIP", "GND", "GND", "C", 60, 60, 31.5, 0],
		[87, "LED5_4", 891.34, -674.02, "T", "DIP", "C5", "", "C", 60, 60, 31.5, 0],
		[88, "LED5_4", 891.34, -674.02, "B", "DIP", "C5", "", "C", 60, 60, 31.5, 0],
		[89, "LED5_5", 991.34, -674.02, "T", "DIP", "DP5", "", "C", 60, 60, 31.5, 0],
		[90, "LED5_5", 991.34, -674.02, "B", "DIP", "DP5", "", "C", 60, 60, 31.5, 0],
		[91, "LED5_6", 991.34, -74.02, "T", "DIP", "B5", "", "C", 60, 60, 31.5, 0],
		[92, "LED5_6", 991.34, -74.02, "B", "DIP", "B5", "", "C", 60, 60, 31.5, 0],
		[93, "LED5_7", 891.34, -74.02, "T", "DIP", "A5", "", "C", 60, 60, 31.5, 0],
		[94, "LED5_7", 891.34, -74.02, "B", "DIP", "A5", "", "C", 60, 60, 31.5, 0],
		[95, "LED5_8", 791.34, -74.02, "T", "DIP", "GND", "GND", "C", 60, 60, 31.5, 0],
		[96, "LED5_8", 791.34, -74.02, "B", "DIP", "GND", "GND", "C", 60, 60, 31.5, 0],
		[97, "LED5_9", 691.34, -74.02, "T", "DIP", "F5", "", "C", 60, 60, 31.5, 0],
		[98, "LED5_9", 691.34, -74.02, "B", "DIP", "F5", "", "C", 60, 60, 31.5, 0],
		[99, "LED5_10", 591.34, -74.02, "T", "DIP", "G5", "", "C", 60, 60, 31.5, 0],
		[100, "LED5_10", 591.34, -74.02, "B", "DIP", "G5", "", "C", 60, 60, 31.5, 0],
		[101, "LED6_1", 1118.9, -674.02, "T", "DIP", "E6", "", "C", 60, 60, 31.5, 0],
		[102, "LED6_1", 1118.9, -674.02, "B", "DIP", "E6", "", "C", 60, 60, 31.5, 0],
		[103, "LED6_2", 1218.9, -674.02, "T", "DIP", "D6", "", "C", 60, 60, 31.5, 0],
		[104, "LED6_2", 1218.9, -674.02, "B", "DIP", "D6", "", "C", 60, 60, 31.5, 0],
		[105, "LED6_3", 1318.9, -674.02, "T", "DIP", "GND", "GND", "C", 60, 60, 31.5, 0],
		[106, "LED6_3", 1318.9, -674.02, "B", "DIP", "GND", "GND", "C", 60, 60, 31.5, 0],
		[107, "LED6_4", 1418.9, -674.02, "T", "DIP", "C6", "", "C", 60, 60, 31.5, 0],
		[108, "LED6_4", 1418.9, -674.02, "B", "DIP", "C6", "", "C", 60, 60, 31.5, 0],
		[109, "LED6_5", 1518.9, -674.02, "T", "DIP", "DP6", "", "C", 60, 60, 31.5, 0],
		[110, "LED6_5", 1518.9, -674.02, "B", "DIP", "DP6", "", "C", 60, 60, 31.5, 0],
		[111, "LED6_6", 1518.9, -74.02, "T", "DIP", "B6", "", "C", 60, 60, 31.5, 0],
		[112, "LED6_6", 1518.9, -74.02, "B", "DIP", "B6", "", "C", 60, 60, 31.5, 0],
		[113, "LED6_7", 1418.9, -74.02, "T", "DIP", "A6", "", "C", 60, 60, 31.5, 0],
		[114, "LED6_7", 1418.9, -74.02, "B", "DIP", "A6", "", "C", 60, 60, 31.5, 0],
		[115, "LED6_8", 1318.9, -74.02, "T", "DIP", "GND", "GND", "C", 60, 60, 31.5, 0],
		[116, "LED6_8", 1318.9, -74.02, "B", "DIP", "GND", "GND", "C", 60, 60, 31.5, 0],
		[117, "LED6_9", 1218.9, -74.02, "T", "DIP", "F6", "", "C", 60, 60, 31.5, 0],
		[118, "LED6_9", 1218.9, -74.02, "B", "DIP", "F6", "", "C", 60, 60, 31.5, 0],
		[119, "LED6_10", 1118.9, -74.02, "T", "DIP", "G6", "", "C", 60, 60, 31.5, 0],
		[120, "LED6_10", 1118.9, -74.02, "B", "DIP", "G6", "", "C", 60, 60, 31.5, 0],
		[121, "U0_1", -545.28, -548.23, "B", "SMD", "+5V", "", "R", 47.24, 216.54, 0, 180],
		[122, "U0_2", -643.71, -548.23, "B", "SMD", "PB15", "", "R", 47.24, 216.54, 0, 180],
		[123, "U0_3", -742.13, -548.23, "B", "SMD", "PB14", "", "R", 47.24, 216.54, 0, 180],
		[124, "U0_4", -840.56, -548.23, "B", "SMD", "PB13", "", "R", 47.24, 216.54, 0, 180],
		[125, "U0_5", -938.99, -548.23, "B", "SMD", "PB12", "", "R", 47.24, 216.54, 0, 180],
		[126, "U0_6", -1037.41, -548.23, "B", "SMD", "GND", "GND", "R", 47.24, 216.54, 0, 180],
		[127, "U0_7", -1159.45, -695.87, "B", "SMD", "U0_7", "", "R", 59.05, 118.11, 0, 180],
		[128, "U0_8", -423.23, -695.87, "B", "SMD", "U0_8", "", "R", 59.05, 118.11, 0, 180],
		[129, "U1_1", -1229.33, -206.07, "T", "SMD", "DP1", "", "O", 13.5, 68.17, 0, 180],
		[130, "U1_2", -1254.92, -206.07, "T", "SMD", "A1", "", "O", 13.5, 68.17, 0, 180],
		[131, "U1_3", -1280.51, -206.07, "T", "SMD", "C1", "", "O", 13.5, 68.17, 0, 180],
		[132, "U1_4", -1306.11, -206.07, "T", "SMD", "D1", "", "O", 13.5, 68.17, 0, 180],
		[133, "U1_5", -1331.7, -206.07, "T", "SMD", "F1", "", "O", 13.5, 68.17, 0, 180],
		[134, "U1_6", -1357.29, -206.07, "T", "SMD", "E1", "", "O", 13.5, 68.17, 0, 180],
		[135, "U1_7", -1382.88, -206.07, "T", "SMD", "G1", "", "O", 13.5, 68.17, 0, 180],
		[136, "U1_8", -1408.47, -206.07, "T", "SMD", "GND", "GND", "O", 13.5, 68.17, 0, 180],
		[137, "U1_9", -1408.47, -431.72, "T", "SMD", "$1N1798", "", "O", 13.5, 68.17, 0, 180],
		[138, "U1_10", -1382.88, -431.72, "T", "SMD", "+5V", "", "O", 13.5, 68.17, 0, 180],
		[139, "U1_11", -1357.29, -431.72, "T", "SMD", "PB13", "", "O", 13.5, 68.17, 0, 180],
		[140, "U1_12", -1331.7, -431.72, "T", "SMD", "PB14", "", "O", 13.5, 68.17, 0, 180],
		[141, "U1_13", -1306.11, -431.72, "T", "SMD", "GND", "GND", "O", 13.5, 68.17, 0, 180],
		[142, "U1_14", -1280.51, -431.72, "T", "SMD", "PB15", "", "O", 13.5, 68.17, 0, 180],
		[143, "U1_15", -1254.92, -431.72, "T", "SMD", "B1", "", "O", 13.5, 68.17, 0, 180],
		[144, "U1_16", -1229.33, -431.72, "T", "SMD", "+5V", "", "O", 13.5, 68.17, 0, 180],
		[145, "U2_1", -701.77, -206.07, "T", "SMD", "DP2", "", "O", 13.5, 68.17, 0, 180],
		[146, "U2_2", -727.36, -206.07, "T", "SMD", "A2", "", "O", 13.5, 68.17, 0, 180],
		[147, "U2_3", -752.95, -206.07, "T", "SMD", "C2", "", "O", 13.5, 68.17, 0, 180],
		[148, "U2_4", -778.55, -206.07, "T", "SMD", "D2", "", "O", 13.5, 68.17, 0, 180],
		[149, "U2_5", -804.14, -206.07, "T", "SMD", "F2", "", "O", 13.5, 68.17, 0, 180],
		[150, "U2_6", -829.73, -206.07, "T", "SMD", "E2", "", "O", 13.5, 68.17, 0, 180],
		[151, "U2_7", -855.32, -206.07, "T", "SMD", "G2", "", "O", 13.5, 68.17, 0, 180],
		[152, "U2_8", -880.91, -206.07, "T", "SMD", "GND", "GND", "O", 13.5, 68.17, 0, 180],
		[153, "U2_9", -880.91, -431.72, "T", "SMD", "$1N1052", "", "O", 13.5, 68.17, 0, 180],
		[154, "U2_10", -855.32, -431.72, "T", "SMD", "+5V", "", "O", 13.5, 68.17, 0, 180],
		[155, "U2_11", -829.73, -431.72, "T", "SMD", "PB13", "", "O", 13.5, 68.17, 0, 180],
		[156, "U2_12", -804.14, -431.72, "T", "SMD", "PB14", "", "O", 13.5, 68.17, 0, 180],
		[157, "U2_13", -778.55, -431.72, "T", "SMD", "GND", "GND", "O", 13.5, 68.17, 0, 180],
		[158, "U2_14", -752.95, -431.72, "T", "SMD", "$1N1798", "", "O", 13.5, 68.17, 0, 180],
		[159, "U2_15", -727.36, -431.72, "T", "SMD", "B2", "", "O", 13.5, 68.17, 0, 180],
		[160, "U2_16", -701.77, -431.72, "T", "SMD", "+5V", "", "O", 13.5, 68.17, 0, 180],
		[161, "U3_1", -174.21, -206.07, "T", "SMD", "DP3", "", "O", 13.5, 68.17, 0, 180],
		[162, "U3_2", -199.8, -206.07, "T", "SMD", "A3", "", "O", 13.5, 68.17, 0, 180],
		[163, "U3_3", -225.39, -206.07, "T", "SMD", "C3", "", "O", 13.5, 68.17, 0, 180],
		[164, "U3_4", -250.99, -206.07, "T", "SMD", "D3", "", "O", 13.5, 68.17, 0, 180],
		[165, "U3_5", -276.58, -206.07, "T", "SMD", "F3", "", "O", 13.5, 68.17, 0, 180],
		[166, "U3_6", -302.17, -206.07, "T", "SMD", "E3", "", "O", 13.5, 68.17, 0, 180],
		[167, "U3_7", -327.76, -206.07, "T", "SMD", "G3", "", "O", 13.5, 68.17, 0, 180],
		[168, "U3_8", -353.35, -206.07, "T", "SMD", "GND", "GND", "O", 13.5, 68.17, 0, 180],
		[169, "U3_9", -353.35, -431.72, "T", "SMD", "$1N1079", "", "O", 13.5, 68.17, 0, 180],
		[170, "U3_10", -327.76, -431.72, "T", "SMD", "+5V", "", "O", 13.5, 68.17, 0, 180],
		[171, "U3_11", -302.17, -431.72, "T", "SMD", "PB13", "", "O", 13.5, 68.17, 0, 180],
		[172, "U3_12", -276.58, -431.72, "T", "SMD", "PB14", "", "O", 13.5, 68.17, 0, 180],
		[173, "U3_13", -250.99, -431.72, "T", "SMD", "GND", "GND", "O", 13.5, 68.17, 0, 180],
		[174, "U3_14", -225.39, -431.72, "T", "SMD", "$1N1052", "", "O", 13.5, 68.17, 0, 180],
		[175, "U3_15", -199.8, -431.72, "T", "SMD", "B3", "", "O", 13.5, 68.17, 0, 180],
		[176, "U3_16", -174.21, -431.72, "T", "SMD", "+5V", "", "O", 13.5, 68.17, 0, 180],
		[177, "U4_1", 174.21, 206.07, "T", "SMD", "E4", "", "O", 13.5, 68.17, 0, 0],
		[178, "U4_2", 199.8, 206.07, "T", "SMD", "F4", "", "O", 13.5, 68.17, 0, 0],
		[179, "U4_3", 225.39, 206.07, "T", "SMD", "D4", "", "O", 13.5, 68.17, 0, 0],
		[180, "U4_4", 250.99, 206.07, "T", "SMD", "C4", "", "O", 13.5, 68.17, 0, 0],
		[181, "U4_5", 276.58, 206.07, "T", "SMD", "A4", "", "O", 13.5, 68.17, 0, 0],
		[182, "U4_6", 302.17, 206.07, "T", "SMD", "DP4", "", "O", 13.5, 68.17, 0, 0],
		[183, "U4_7", 327.76, 206.07, "T", "SMD", "B4", "", "O", 13.5, 68.17, 0, 0],
		[184, "U4_8", 353.35, 206.07, "T", "SMD", "GND", "GND", "O", 13.5, 68.17, 0, 0],
		[185, "U4_9", 353.35, 431.72, "T", "SMD", "$1N1106", "", "O", 13.5, 68.17, 0, 0],
		[186, "U4_10", 327.76, 431.72, "T", "SMD", "+5V", "", "O", 13.5, 68.17, 0, 0],
		[187, "U4_11", 302.17, 431.72, "T", "SMD", "PB13", "", "O", 13.5, 68.17, 0, 0],
		[188, "U4_12", 276.58, 431.72, "T", "SMD", "PB14", "", "O", 13.5, 68.17, 0, 0],
		[189, "U4_13", 250.99, 431.72, "T", "SMD", "GND", "GND", "O", 13.5, 68.17, 0, 0],
		[190, "U4_14", 225.39, 431.72, "T", "SMD", "$1N1079", "", "O", 13.5, 68.17, 0, 0],
		[191, "U4_15", 199.8, 431.72, "T", "SMD", "G4", "", "O", 13.5, 68.17, 0, 0],
		[192, "U4_16", 174.21, 431.72, "T", "SMD", "+5V", "", "O", 13.5, 68.17, 0, 0],
		[193, "U5_1", 701.77, 206.07, "T", "SMD", "E5", "", "O", 13.5, 68.17, 0, 0],
		[194, "U5_2", 727.36, 206.07, "T", "SMD", "F5", "", "O", 13.5, 68.17, 0, 0],
		[195, "U5_3", 752.95, 206.07, "T", "SMD", "D5", "", "O", 13.5, 68.17, 0, 0],
		[196, "U5_4", 778.55, 206.07, "T", "SMD", "C5", "", "O", 13.5, 68.17, 0, 0],
		[197, "U5_5", 804.14, 206.07, "T", "SMD", "A5", "", "O", 13.5, 68.17, 0, 0],
		[198, "U5_6", 829.73, 206.07, "T", "SMD", "DP5", "", "O", 13.5, 68.17, 0, 0],
		[199, "U5_7", 855.32, 206.07, "T", "SMD", "B5", "", "O", 13.5, 68.17, 0, 0],
		[200, "U5_8", 880.91, 206.07, "T", "SMD", "GND", "GND", "O", 13.5, 68.17, 0, 0],
		[201, "U5_9", 880.91, 431.72, "T", "SMD", "$1N1133", "", "O", 13.5, 68.17, 0, 0],
		[202, "U5_10", 855.32, 431.72, "T", "SMD", "+5V", "", "O", 13.5, 68.17, 0, 0],
		[203, "U5_11", 829.73, 431.72, "T", "SMD", "PB13", "", "O", 13.5, 68.17, 0, 0],
		[204, "U5_12", 804.14, 431.72, "T", "SMD", "PB14", "", "O", 13.5, 68.17, 0, 0],
		[205, "U5_13", 778.55, 431.72, "T", "SMD", "GND", "GND", "O", 13.5, 68.17, 0, 0],
		[206, "U5_14", 752.95, 431.72, "T", "SMD", "$1N1106", "", "O", 13.5, 68.17, 0, 0],
		[207, "U5_15", 727.36, 431.72, "T", "SMD", "G5", "", "O", 13.5, 68.17, 0, 0],
		[208, "U5_16", 701.77, 431.72, "T", "SMD", "+5V", "", "O", 13.5, 68.17, 0, 0],
		[209, "U6_1", 1229.33, 206.07, "T", "SMD", "E6", "", "O", 13.5, 68.17, 0, 0],
		[210, "U6_2", 1254.92, 206.07, "T", "SMD", "F6", "", "O", 13.5, 68.17, 0, 0],
		[211, "U6_3", 1280.51, 206.07, "T", "SMD", "D6", "", "O", 13.5, 68.17, 0, 0],
		[212, "U6_4", 1306.11, 206.07, "T", "SMD", "C6", "", "O", 13.5, 68.17, 0, 0],
		[213, "U6_5", 1331.7, 206.07, "T", "SMD", "A6", "", "O", 13.5, 68.17, 0, 0],
		[214, "U6_6", 1357.29, 206.07, "T", "SMD", "DP6", "", "O", 13.5, 68.17, 0, 0],
		[215, "U6_7", 1382.88, 206.07, "T", "SMD", "B6", "", "O", 13.5, 68.17, 0, 0],
		[216, "U6_8", 1408.47, 206.07, "T", "SMD", "GND", "GND", "O", 13.5, 68.17, 0, 0],
		[217, "U6_9", 1408.47, 431.72, "T", "SMD", "U6_9", "", "O", 13.5, 68.17, 0, 0],
		[218, "U6_10", 1382.88, 431.72, "T", "SMD", "+5V", "", "O", 13.5, 68.17, 0, 0],
		[219, "U6_11", 1357.29, 431.72, "T", "SMD", "PB13", "", "O", 13.5, 68.17, 0, 0],
		[220, "U6_12", 1331.7, 431.72, "T", "SMD", "PB14", "", "O", 13.5, 68.17, 0, 0],
		[221, "U6_13", 1306.11, 431.72, "T", "SMD", "GND", "GND", "O", 13.5, 68.17, 0, 0],
		[222, "U6_14", 1280.51, 431.72, "T", "SMD", "$1N1133", "", "O", 13.5, 68.17, 0, 0],
		[223, "U6_15", 1254.92, 431.72, "T", "SMD", "G6", "", "O", 13.5, 68.17, 0, 0],
		[224, "U6_16", 1229.33, 431.72, "T", "SMD", "+5V", "", "O", 13.5, 68.17, 0, 0]
	]
}
}