{
"lengthUnit": "mil",
"components": {
	"fields": ["COMPONENT_NO", "COMPONENT_NAME", "LAYER", "X_COORDINATE", "Y_COORDINATE", "ANGLE"],
	"rows": [
		[1, "C1", "T", 1991.17, -249.68, 0],
		[2, "C2", "T", 1991.17, -324.68, 0],
		[3, "C3", "T", 1882.81, 172.19, 0],
		[4, "C4", "T", 1882.19, 247.19, 180],
		[5, "CN1", "T", 2640.53, 0, 90],
		[6, "CN2", "T", 1401.62, 0, 270],
		[7, "CN3", "T", 1130.49, 0, 270],
		[8, "CN4", "T", 859.37, 0, 270],
		[9, "CN5", "T", 660, 830, 225],
		[10, "CN6", "T", 660, -830, 315],
		[11, "CN7", "T", 1760, 1104.66, 180],
		[12, "CN8", "T", 1760, -1104.66, 0],
		[13, "H1", "T", 1745.28, 450, 0],
		[14, "H2", "T", 1745.28, 570, 0],
		[15, "H3", "T", 1745.28, -450, 0],
		[16, "H4", "T", 1745.28, -570, 0],
		[17, "HWT1", "T", 2173.6, 0, 270],
		[18, "U1", "T", 320, 0, 270],
		[19, "U2", "B", 580, 0, 90],
		[20, "U3", "T", 1910, -30, 270],
		[21, "U4", "T", 1673.6, 0, 270]
	]
},
"pins": {
	"fields": ["PIN_NO", "PIN_NAME", "PIN_X", "PIN_Y", "LAYER", "PIN_TYPE", "NET_NAME", "NET_TYPE", "PAD_SHAPE", "PAD_SIZEX", "PAD_SIZEY", "HOLE_SIZE", "PAD_ANGLE"],
	"rows": [
		[1, "C1_1", 1963.61, -249.68, "T", "SMD", "GND", "GND", "R", 31.5, 35.43, 0, 0],
		[2, "C1_2", 2018.73, -249.68, "T", "SMD", "+5V", "", "R", 31.5, 35.43, 0, 0],
		[3, "C2_1", 1963.61, -324.68, "T", "SMD", "GND", "GND", "R", 31.5, 35.43, 0, 0],
		[4, "C2_2", 2018.73, -324.68, "T", "SMD", "+5V", "", "R", 31.5, 35.43, 0, 0],
		[5, "C3_1", 1855.25, 172.19, "T", "SMD", "GND", "GND", "R", 31.5, 35.43, 0, 0],
		[6, "C3_2", 1910.37, 172.19, "T", "SMD", "+3V3", "", "R", 31.5, 35.43, 0, 0],
		[7, "C4_1", 1909.75, 247.19, "T", "SMD", "+3V3", "", "R", 31.5, 35.43, 0, 180],
		[8, "C4_2", 1854.63, 247.19, "T", "SMD", "GND", "GND", "R", 31.5, 35.43, 0, 180],
		[9, "CN1_1", 2590.53, 950, "T", "DIP", "24V_2", "", "C", 66.93, 66.93, 43.31, 270],
		[10, "CN1_1", 2590.53, 950, "B", "DIP", "24V_2", "", "C", 66.93, 66.93, 43.31, 270],
		[11, "CN1_2", 2690.53, 950, "T", "DIP", "24V_2", "", "C", 66.93, 66.93, 43.31, 270],
		[12, "CN1_2", 2690.53, 950, "B", "DIP", "24V_2", "", "C", 66.93, 66.93, 43.31, 270],
		[13, "CN1_3", 2590.53, 850, "T", "DIP", "24V_2", "", "C", 66.93, 66.93, 43.31, 270],
		[14, "CN1_3", 2590.53, 850, "B", "DIP", "24V_2", "", "C", 66.93, 66.93, 43.31, 270],
		[15, "CN1_4", 2690.53, 850, "T", "DIP", "24V_2", "", "C", 66.93, 66.93, 43.31, 270],
		[16, "CN1_4", 2690.53, 850, "B", "DIP", "24V_2", "", "C", 66.93, 66.93, 43.31, 270],
		[17, "CN1_5", 2590.53, 750, "T", "DIP", "24V_2", "", "C", 66.93, 66.93, 43.31, 270],
		[18, "CN1_5", 2590.53, 750, "B", "DIP", "24V_2", "", "C", 66.93, 66.93, 43.31, 270],
		[19, "CN1_6", 2690.53, 750, "T", "DIP", "24V_2", "", "C", 66.93, 66.93, 43.31, 270],
		[20, "CN1_6", 2690.53, 750, "B", "DIP", "24V_2", "", "C", 66.93, 66.93, 43.31, 270],
		[21, "CN1_7", 2590.53, 650, "T", "DIP", "+6V", "", "C", 66.93, 66.93, 43.31, 270],
		[22, "CN1_7", 2590.53, 650, "B", "DIP", "+6V", "", "C", 66.93, 66.93, 43.31, 270],
		[23, "CN1_8", 2690.53, 650, "T", "DIP", "+6V", "", "C", 66.93, 66.93, 43.31, 270],
		[24, "CN1_8", 2690.53, 650, "B", "DIP", "+6V", "", "C", 66.93, 66.93, 43.31, 270],
		[25, "CN1_9", 2590.53, 550, "T", "DIP", "+6V", "", "C", 66.93, 66.93, 43.31, 270],
		[26, "CN1_9", 2590.53, 550, "B", "DIP", "+6V", "", "C", 66.93, 66.93, 43.31, 270],
		[27, "CN1_10", 2690.53, 550, "T", "DIP", "+6V", "", "C", 66.93, 66.93, 43.31, 270],
		[28, "CN1_10", 2690.53, 550, "B", "DIP", "+6V", "", "C", 66.93, 66.93, 43.31, 270],
		[29, "CN1_11", 2590.53, 450, "T", "DIP", "GND", "GND", "C", 66.93, 66.93, 43.31, 270],
		[30, "CN1_11", 2590.53, 450, "B", "DIP", "GND", "GND", "C", 66.93, 66.93, 43.31, 270],
		[31, "CN1_12", 2690.53, 450, "T", "DIP", "GND", "GND", "C", 66.93, 66.93, 43.31, 270],
		[32, "CN1_12", 2690.53, 450, "B", "DIP", "GND", "GND", "C", 66.93, 66.93, 43.31, 270],
		[33, "CN1_13", 2590.53, 350, "T", "DIP", "PB12", "", "C", 66.93, 66.93, 43.31, 270],
		[34, "CN1_13", 2590.53, 350, "B", "DIP", "PB12", "", "C", 66.93, 66.93, 43.31, 270],
		[35, "CN1_14", 2690.53, 350, "T", "DIP", "PB13", "", "C", 66.93, 66.93, 43.31, 270],
		[36, "CN1_14", 2690.53, 350, "B", "DIP", "PB13", "", "C", 66.93, 66.93, 43.31, 270],
		[37, "CN1_15", 2590.53, 250, "T", "DIP", "PB14", "", "C", 66.93, 66.93, 43.31, 270],
		[38, "CN1_15", 2590.53, 250, "B", "DIP", "PB14", "", "C", 66.93, 66.93, 43.31, 270],
		[39, "CN1_16", 2690.53, 250, "T", "DIP", "PB15", "", "C", 66.93, 66.93, 43.31, 270],
		[40, "CN1_16", 2690.53, 250, "B", "DIP", "PB15", "", "C", 66.93, 66.93, 43.31, 270],
		[41, "CN1_17", 2590.53, 150, "T", "DIP", "USART3_TX", "", "C", 66.93, 66.93, 43.31, 270],
		[42, "CN1_17", 2590.53, 150, "B", "DIP", "USART3_TX", "", "C", 66.93, 66.93, 43.31, 270],
		[43, "CN1_18", 2690.53, 150, "T", "DIP", "USART3_RX", "", "C", 66.93, 66.93, 43.31, 270],
		[44, "CN1_18", 2690.53, 150, "B", "DIP", "USART3_RX", "", "C", 66.93, 66.93, 43.31, 270],
		[45, "CN1_19", 2590.53, 50, "T", "DIP", "SERVO_PWM1", "", "C", 66.93, 66.93, 43.31, 270],
		[46, "CN1_19", 2590.53, 50, "B", "DIP", "SERVO_PWM1", "", "C", 66.93, 66.93, 43.31, 270],
		[47, "CN1_20", 2690.53, 50, "T", "DIP", "SERVO_PWM2", "", "C", 66.93, 66.93, 43.31, 270],
		[48, "CN1_20", 2690.53, 50, "B", "DIP", "SERVO_PWM2", "", "C", 66.93, 66.93, 43.31, 270],
		[49, "CN1_21", 2590.53, -50, "T", "DIP", "SERVO_PWM3", "", "C", 66.93, 66.93, 43.31, 270],
		[50, "CN1_21", 2590.53, -50, "B", "DIP", "SERVO_PWM3", "", "C", 66.93, 66.93, 43.31, 270],
		[51, "CN1_22", 2690.53, -50, "T", "DIP", "SERVO_PWM4", "", "C", 66.93, 66.93, 43.31, 270],
		[52, "CN1_22", 2690.53, -50, "B", "DIP", "SERVO_PWM4", "", "C", 66.93, 66.93, 43.31, 270],
		[53, "CN1_23", 2590.53, -150, "T", "DIP", "USART6_TX", "", "C", 66.93, 66.93, 43.31, 270],
		[54, "CN1_23", 2590.53, -150, "B", "DIP", "USART6_TX", "", "C", 66.93, 66.93, 43.31, 270],
		[55, "CN1_24", 2690.53, -150, "T", "DIP", "USART6_RX", "", "C", 66.93, 66.93, 43.31, 270],
		[56, "CN1_24", 2690.53, -150, "B", "DIP", "USART6_RX", "", "C", 66.93, 66.93, 43.31, 270],
		[57, "CN1_25", 2590.53, -250, "T", "DIP", "UART4_TX", "", "C", 66.93, 66.93, 43.31, 270],
		[58, "CN1_25", 2590.53, -250, "B", "DIP", "UART4_TX", "", "C", 66.93, 66.93, 43.31, 270],
		[59, "CN1_26", 2690.53, -250, "T", "DIP", "UART4_RX", "", "C", 66.93, 66.93, 43.31, 270],
		[60, "CN1_26", 2690.53, -250, "B", "DIP", "UART4_RX", "", "C", 66.93, 66.93, 43.31, 270],
		[61, "CN1_27", 2590.53, -350, "T", "DIP", "UART5_TX", "", "C", 66.93, 66.93, 43.31, 270],
		[62, "CN1_27", 2590.53, -350, "B", "DIP", "UART5_TX", "", "C", 66.93, 66.93, 43.31, 270],
		[63, "CN1_28", 2690.53, -350, "T", "DIP", "UART5_RX", "", "C", 66.93, 66.93, 43.31, 270],
		[64, "CN1_28", 2690.53, -350, "B", "DIP", "UART5_RX", "", "C", 66.93, 66.93, 43.31, 270],
		[65, "CN1_29", 2590.53, -450, "T", "DIP", "USART1_TX_MCU", "", "C", 66.93, 66.93, 43.31, 270],
		[66, "CN1_29", 2590.53, -450, "B", "DIP", "USART1_TX_MCU", "", "C", 66.93, 66.93, 43.31, 270],
		[67, "CN1_30", 2690.53, -450, "T", "DIP", "USART1_RX_MCU", "", "C", 66.93, 66.93, 43.31, 270],
		[68, "CN1_30", 2690.53, -450, "B", "DIP", "USART1_RX_MCU", "", "C", 66.93, 66.93, 43.31, 270],
		[69, "CN1_31", 2590.53, -550, "T", "DIP", "GND", "GND", "C", 66.93, 66.93, 43.31, 270],
		[70, "CN1_31", 2590.53, -550, "B", "DIP", "GND", "GND", "C", 66.93, 66.93, 43.31, 270],
		[71, "CN1_32", 2690.53, -550, "T", "DIP", "GND", "GND", "C", 66.93, 66.93, 43.31, 270],
		[72, "CN1_32", 2690.53, -550, "B", "DIP", "GND", "GND", "C", 66.93, 66.93, 43.31, 270],
		[73, "CN1_33", 2590.53, -650, "T", "DIP", "+5V", "", "C", 66.93, 66.93, 43.31, 270],
		[74, "CN1_33", 2590.53, -650, "B", "DIP", "+5V", "", "C", 66.93, 66.93, 43.31, 270],
		[75, "CN1_34", 2690.53, -650, "T", "DIP", "+5V", "", "C", 66.93, 66.93, 43.31, 270],
		[76, "CN1_34", 2690.53, -650, "B", "DIP", "+5V", "", "C", 66.93, 66.93, 43.31, 270],
		[77, "CN1_35", 2590.53, -750, "T", "DIP", "24V_1", "", "C", 66.93, 66.93, 43.31, 270],
		[78, "CN1_35", 2590.53, -750, "B", "DIP", "24V_1", "", "C", 66.93, 66.93, 43.31, 270],
		[79, "CN1_36", 2690.53, -750, "T", "DIP", "24V_1", "", "C", 66.93, 66.93, 43.31, 270],
		[80, "CN1_36", 2690.53, -750, "B", "DIP", "24V_1", "", "C", 66.93, 66.93, 43.31, 270],
		[81, "CN1_37", 2590.53, -850, "T", "DIP", "24V_1", "", "C", 66.93, 66.93, 43.31, 270],
		[82, "CN1_37", 2590.53, -850, "B", "DIP", "24V_1", "", "C", 66.93, 66.93, 43.31, 270],
		[83, "CN1_38", 2690.53, -850, "T", "DIP", "24V_1", "", "C", 66.93, 66.93, 43.31, 270],
		[84, "CN1_38", 2690.53, -850, "B", "DIP", "24V_1", "", "C", 66.93, 66.93, 43.31, 270],
		[85, "CN1_39", 2590.53, -950, "T", "DIP", "24V_1", "", "C", 66.93, 66.93, 43.31, 270],
		[86, "CN1_39", 2590.53, -950, "B", "DIP", "24V_1", "", "C", 66.93, 66.93, 43.31, 270],
		[87, "CN1_40", 2690.53, -950, "T", "DIP", "24V_1", "", "C", 66.93, 66.93, 43.31, 270],
		[88, "CN1_40", 2690.53, -950, "B", "DIP", "24V_1", "", "C", 66.93, 66.93, 43.31, 270],
		[89, "CN2_1", 1401.62, -344.49, "T", "DIP", "USART3_RX", "", "C", 78.74, 78.74, 43.31, 270],
		[90, "CN2_1", 1401.62, -344.49, "B", "DIP", "USART3_RX", "", "C", 78.74, 78.74, 43.31, 270],
		[91, "CN2_2", 1401.62, -246.06, "T", "DIP", "USART3_TX", "", "C", 78.74, 78.74, 43.31, 270],
		[92, "CN2_2", 1401.62, -246.06, "B", "DIP", "USART3_TX", "", "C", 78.74, 78.74, 43.31, 270],
		[93, "CN2_3", 1401.62, -147.64, "T", "DIP", "CN2_3", "", "C", 78.74, 78.74, 43.31, 270],
		[94, "CN2_3", 1401.62, -147.64, "B", "DIP", "CN2_3", "", "C", 78.74, 78.74, 43.31, 270],
		[95, "CN2_4", 1401.62, -49.21, "T", "DIP", "CN2_4", "", "C", 78.74, 78.74, 43.31, 270],
		[96, "CN2_4", 1401.62, -49.21, "B", "DIP", "CN2_4", "", "C", 78.74, 78.74, 43.31, 270],
		[97, "CN2_5", 1401.62, 49.21, "T", "DIP", "GND", "GND", "C", 78.74, 78.74, 43.31, 270],
		[98, "CN2_5", 1401.62, 49.21, "B", "DIP", "GND", "GND", "C", 78.74, 78.74, 43.31, 270],
		[99, "CN2_6", 1401.62, 147.64, "T", "DIP", "+3V3", "", "C", 78.74, 78.74, 43.31, 270],
		[100, "CN2_6", 1401.62, 147.64, "B", "DIP", "+3V3", "", "C", 78.74, 78.74, 43.31, 270],
		[101, "CN2_7", 1401.62, 246.06, "T", "DIP", "GND", "GND", "C", 78.74, 78.74, 43.31, 270],
		[102, "CN2_7", 1401.62, 246.06, "B", "DIP", "GND", "GND", "C", 78.74, 78.74, 43.31, 270],
		[103, "CN2_8", 1401.62, 344.49, "T", "DIP", "24V_2", "", "C", 78.74, 78.74, 43.31, 270],
		[104, "CN2_8", 1401.62, 344.49, "B", "DIP", "24V_2", "", "C", 78.74, 78.74, 43.31, 270],
		[105, "CN3_1", 1130.49, -344.49, "T", "DIP", "USART3_RX", "", "C", 78.74, 78.74, 43.31, 270],
		[106, "CN3_1", 1130.49, -344.49, "B", "DIP", "USART3_RX", "", "C", 78.74, 78.74, 43.31, 270],
		[107, "CN3_2", 1130.49, -246.06, "T", "DIP", "USART3_TX", "", "C", 78.74, 78.74, 43.31, 270],
		[108, "CN3_2", 1130.49, -246.06, "B", "DIP", "USART3_TX", "", "C", 78.74, 78.74, 43.31, 270],
		[109, "CN3_3", 1130.49, -147.64, "T", "DIP", "CN3_3", "", "C", 78.74, 78.74, 43.31, 270],
		[110, "CN3_3", 1130.49, -147.64, "B", "DIP", "CN3_3", "", "C", 78.74, 78.74, 43.31, 270],
		[111, "CN3_4", 1130.49, -49.21, "T", "DIP", "CN3_4", "", "C", 78.74, 78.74, 43.31, 270],
		[112, "CN3_4", 1130.49, -49.21, "B", "DIP", "CN3_4", "", "C", 78.74, 78.74, 43.31, 270],
		[113, "CN3_5", 1130.49, 49.21, "T", "DIP", "GND", "GND", "C", 78.74, 78.74, 43.31, 270],
		[114, "CN3_5", 1130.49, 49.21, "B", "DIP", "GND", "GND", "C", 78.74, 78.74, 43.31, 270],
		[115, "CN3_6", 1130.49, 147.64, "T", "DIP", "+3V3", "", "C", 78.74, 78.74, 43.31, 270],
		[116, "CN3_6", 1130.49, 147.64, "B", "DIP", "+3V3", "", "C", 78.74, 78.74, 43.31, 270],
		[117, "CN3_7", 1130.49, 246.06, "T", "DIP", "GND", "GND", "C", 78.74, 78.74, 43.31, 270],
		[118, "CN3_7", 1130.49, 246.06, "B", "DIP", "GND", "GND", "C", 78.74, 78.74, 43.31, 270],
		[119, "CN3_8", 1130.49, 344.49, "T", "DIP", "24V_2", "", "C", 78.74, 78.74, 43.31, 270],
		[120, "CN3_8", 1130.49, 344.49, "B", "DIP", "24V_2", "", "C", 78.74, 78.74, 43.31, 270],
		[121, "CN4_1", 859.37, -344.49, "T", "DIP", "USART3_RX", "", "C", 78.74, 78.74, 43.31, 270],
		[122, "CN4_1", 859.37, -344.49, "B", "DIP", "USART3_RX", "", "C", 78.74, 78.74, 43.31, 270],
		[123, "CN4_2", 859.37, -246.06, "T", "DIP", "USART3_TX", "", "C", 78.74, 78.74, 43.31, 270],
		[124, "CN4_2", 859.37, -246.06, "B", "DIP", "USART3_TX", "", "C", 78.74, 78.74, 43.31, 270],
		[125, "CN4_3", 859.37, -147.64, "T", "DIP", "CN4_3", "", "C", 78.74, 78.74, 43.31, 270],
		[126, "CN4_3", 859.37, -147.64, "B", "DIP", "CN4_3", "", "C", 78.74, 78.74, 43.31, 270],
		[127, "CN4_4", 859.37, -49.21, "T", "DIP", "CN4_4", "", "C", 78.74, 78.74, 43.31, 270],
		[128, "CN4_4", 859.37, -49.21, "B", "DIP", "CN4_4", "", "C", 78.74, 78.74, 43.31, 270],
		[129, "CN4_5", 859.37, 49.21, "T", "DIP", "GND", "GND", "C", 78.74, 78.74, 43.31, 270],
		[130, "CN4_5", 859.37, 49.21, "B", "DIP", "GND", "GND", "C", 78.74, 78.74, 43.31, 270],
		[131, "CN4_6", 859.37, 147.64, "T", "DIP", "+3V3", "", "C", 78.74, 78.74, 43.31, 270],
		[132, "CN4_6", 859.37, 147.64, "B", "DIP", "+3V3", "", "C", 78.74, 78.74, 43.31, 270],
		[133, "CN4_7", 859.37, 246.06, "T", "DIP", "GND", "GND", "C", 78.74, 78.74, 43.31, 270],
		[134, "CN4_7", 859.37, 246.06, "B", "DIP", "GND", "GND", "C", 78.74, 78.74, 43.31, 270],
		[135, "CN4_8", 859.37, 344.49, "T", "DIP", "24V_2", "", "C", 78.74, 78.74, 43.31, 270],
		[136, "CN4_8", 859.37, 344.49, "B", "DIP", "24V_2", "", "C", 78.74, 78.74, 43.31, 270],
		[137, "CN5_1", 416.41, 586.41, "T", "DIP", "UART4_RX", "", "C", 78.74, 78.74, 43.31, 225],
		[138, "CN5_1", 416.41, 586.41, "B", "DIP", "UART4_RX", "", "C", 78.74, 78.74, 43.31, 225],
		[139, "CN5_2", 486.01, 656.01, "T", "DIP", "UART4_TX", "", "C", 78.74, 78.74, 43.31, 225],
		[140, "CN5_2", 486.01, 656.01, "B", "DIP", "UART4_TX", "", "C", 78.74, 78.74, 43.31, 225],
		[141, "CN5_3", 555.6, 725.6, "T", "DIP", "CN5_3", "", "C", 78.74, 78.74, 43.31, 225],
		[142, "CN5_3", 555.6, 725.6, "B", "DIP", "CN5_3", "", "C", 78.74, 78.74, 43.31, 225],
		[143, "CN5_4", 625.2, 795.2, "T", "DIP", "CN5_4", "", "C", 78.74, 78.74, 43.31, 225],
		[144, "CN5_4", 625.2, 795.2, "B", "DIP", "CN5_4", "", "C", 78.74, 78.74, 43.31, 225],
		[145, "CN5_5", 694.8, 864.8, "T", "DIP", "GND", "GND", "C", 78.74, 78.74, 43.31, 225],
		[146, "CN5_5", 694.8, 864.8, "B", "DIP", "GND", "GND", "C", 78.74, 78.74, 43.31, 225],
		[147, "CN5_6", 764.4, 934.4, "T", "DIP", "+3V3", "", "C", 78.74, 78.74, 43.31, 225],
		[148, "CN5_6", 764.4, 934.4, "B", "DIP", "+3V3", "", "C", 78.74, 78.74, 43.31, 225],
		[149, "CN5_7", 833.99, 1003.99, "T", "DIP", "GND", "GND", "C", 78.74, 78.74, 43.31, 225],
		[150, "CN5_7", 833.99, 1003.99, "B", "DIP", "GND", "GND", "C", 78.74, 78.74, 43.31, 225],
		[151, "CN5_8", 903.59, 1073.59, "T", "DIP", "24V_1", "", "C", 78.74, 78.74, 43.31, 225],
		[152, "CN5_8", 903.59, 1073.59, "B", "DIP", "24V_1", "", "C", 78.74, 78.74, 43.31, 225],
		[153, "CN6_1", 903.59, -1073.59, "T", "DIP", "UART4_RX", "", "C", 78.74, 78.74, 43.31, 315],
		[154, "CN6_1", 903.59, -1073.59, "B", "DIP", "UART4_RX", "", "C", 78.74, 78.74, 43.31, 315],
		[155, "CN6_2", 833.99, -1003.99, "T", "DIP", "UART4_TX", "", "C", 78.74, 78.74, 43.31, 315],
		[156, "CN6_2", 833.99, -1003.99, "B", "DIP", "UART4_TX", "", "C", 78.74, 78.74, 43.31, 315],
		[157, "CN6_3", 764.4, -934.4, "T", "DIP", "CN6_3", "", "C", 78.74, 78.74, 43.31, 315],
		[158, "CN6_3", 764.4, -934.4, "B", "DIP", "CN6_3", "", "C", 78.74, 78.74, 43.31, 315],
		[159, "CN6_4", 694.8, -864.8, "T", "DIP", "CN6_4", "", "C", 78.74, 78.74, 43.31, 315],
		[160, "CN6_4", 694.8, -864.8, "B", "DIP", "CN6_4", "", "C", 78.74, 78.74, 43.31, 315],
		[161, "CN6_5", 625.2, -795.2, "T", "DIP", "GND", "GND", "C", 78.74, 78.74, 43.31, 315],
		[162, "CN6_5", 625.2, -795.2, "B", "DIP", "GND", "GND", "C", 78.74, 78.74, 43.31, 315],
		[163, "CN6_6", 555.6, -725.6, "T", "DIP", "+3V3", "", "C", 78.74, 78.74, 43.31, 315],
		[164, "CN6_6", 555.6, -725.6, "B", "DIP", "+3V3", "", "C", 78.74, 78.74, 43.31, 315],
		[165, "CN6_7", 486.01, -656.01, "T", "DIP", "GND", "GND", "C", 78.74, 78.74, 43.31, 315],
		[166, "CN6_7", 486.01, -656.01, "B", "DIP", "GND", "GND", "C", 78.74, 78.74, 43.31, 315],
		[167, "CN6_8", 416.41, -586.41, "T", "DIP", "24V_1", "", "C", 78.74, 78.74, 43.31, 315],
		[168, "CN6_8", 416.41, -586.41, "B", "DIP", "24V_1", "", "C", 78.74, 78.74, 43.31, 315],
		[169, "CN7_1", 1415.51, 1104.66, "T", "DIP", "UART4_RX", "", "C", 78.74, 78.74, 43.31, 180],
		[170, "CN7_1", 1415.51, 1104.66, "B", "DIP", "UART4_RX", "", "C", 78.74, 78.74, 43.31, 180],
		[171, "CN7_2", 1513.94, 1104.66, "T", "DIP", "UART4_TX", "", "C", 78.74, 78.74, 43.31, 180],
		[172, "CN7_2", 1513.94, 1104.66, "B", "DIP", "UART4_TX", "", "C", 78.74, 78.74, 43.31, 180],
		[173, "CN7_3", 1612.36, 1104.66, "T", "DIP", "CN7_3", "", "C", 78.74, 78.74, 43.31, 180],
		[174, "CN7_3", 1612.36, 1104.66, "B", "DIP", "CN7_3", "", "C", 78.74, 78.74, 43.31, 180],
		[175, "CN7_4", 1710.79, 1104.66, "T", "DIP", "CN7_4", "", "C", 78.74, 78.74, 43.31, 180],
		[176, "CN7_4", 1710.79, 1104.66, "B", "DIP", "CN7_4", "", "C", 78.74, 78.74, 43.31, 180],
		[177, "CN7_5", 1809.21, 1104.66, "T", "DIP", "GND", "GND", "C", 78.74, 78.74, 43.31, 180],
		[178, "CN7_5", 1809.21, 1104.66, "B", "DIP", "GND", "GND", "C", 78.74, 78.74, 43.31, 180],
		[179, "CN7_6", 1907.64, 1104.66, "T", "DIP", "+3V3", "", "C", 78.74, 78.74, 43.31, 180],
		[180, "CN7_6", 1907.64, 1104.66, "B", "DIP", "+3V3", "", "C", 78.74, 78.74, 43.31, 180],
		[181, "CN7_7", 2006.06, 1104.66, "T", "DIP", "GND", "GND", "C", 78.74, 78.74, 43.31, 180],
		[182, "CN7_7", 2006.06, 1104.66, "B", "DIP", "GND", "GND", "C", 78.74, 78.74, 43.31, 180],
		[183, "CN7_8", 2104.49, 1104.66, "T", "DIP", "24V_1", "", "C", 78.74, 78.74, 43.31, 180],
		[184, "CN7_8", 2104.49, 1104.66, "B", "DIP", "24V_1", "", "C", 78.74, 78.74, 43.31, 180],
		[185, "CN8_1", 2104.49, -1104.66, "T", "DIP", "UART4_RX", "", "C", 78.74, 78.74, 43.31, 0],
		[186, "CN8_1", 2104.49, -1104.66, "B", "DIP", "UART4_RX", "", "C", 78.74, 78.74, 43.31, 0],
		[187, "CN8_2", 2006.06, -1104.66, "T", "DIP", "UART4_TX", "", "C", 78.74, 78.74, 43.31, 0],
		[188, "CN8_2", 2006.06, -1104.66, "B", "DIP", "UART4_TX", "", "C", 78.74, 78.74, 43.31, 0],
		[189, "CN8_3", 1907.64, -1104.66, "T", "DIP", "CN8_3", "", "C", 78.74, 78.74, 43.31, 0],
		[190, "CN8_3", 1907.64, -1104.66, "B", "DIP", "CN8_3", "", "C", 78.74, 78.74, 43.31, 0],
		[191, "CN8_4", 1809.21, -1104.66, "T", "DIP", "CN8_4", "", "C", 78.74, 78.74, 43.31, 0],
		[192, "CN8_4", 1809.21, -1104.66, "B", "DIP", "CN8_4", "", "C", 78.74, 78.74, 43.31, 0],
		[193, "CN8_5", 1710.79, -1104.66, "T", "DIP", "GND", "GND", "C", 78.74, 78.74, 43.31, 0],
		[194, "CN8_5", 1710.79, -1104.66, "B", "DIP", "GND", "GND", "C", 78.74, 78.74, 43.31, 0],
		[195, "CN8_6", 1612.36, -1104.66, "T", "DIP", "+3V3", "", "C", 78.74, 78.74, 43.31, 0],
		[196, "CN8_6", 1612.36, -1104.66, "B", "DIP", "+3V3", "", "C", 78.74, 78.74, 43.31, 0],
		[197, "CN8_7", 1513.94, -1104.66, "T", "DIP", "GND", "GND", "C", 78.74, 78.74, 43.31, 0],
		[198, "CN8_7", 1513.94, -1104.66, "B", "DIP", "GND", "GND", "C", 78.74, 78.74, 43.31, 0],
		[199, "CN8_8", 1415.51, -1104.66, "T", "DIP", "24V_1", "", "C", 78.74, 78.74, 43.31, 0],
		[200, "CN8_8", 1415.51, -1104.66, "B", "DIP", "24V_1", "", "C", 78.74, 78.74, 43.31, 0],
		[201, "H1_1", 1645.28, 450, "T", "DIP", "SERVO_PWM1", "", "R", 66.93, 66.93, 43.31, 0],
		[202, "H1_1", 1645.28, 450, "B", "DIP", "SERVO_PWM1", "", "R", 66.93, 66.93, 43.31, 0],
		[203, "H1_2", 1745.28, 450, "T", "DIP", "+6V", "", "C", 66.93, 66.93, 43.31, 0],
		[204, "H1_2", 1745.28, 450, "B", "DIP", "+6V", "", "C", 66.93, 66.93, 43.31, 0],
		[205, "H1_3", 1845.28, 450, "T", "DIP", "GND", "GND", "C", 66.93, 66.93, 43.31, 0],
		[206, "H1_3", 1845.28, 450, "B", "DIP", "GND", "GND", "C", 66.93, 66.93, 43.31, 0],
		[207, "H2_1", 1645.28, 570, "T", "DIP", "SERVO_PWM2", "", "R", 66.93, 66.93, 43.31, 0],
		[208, "H2_1", 1645.28, 570, "B", "DIP", "SERVO_PWM2", "", "R", 66.93, 66.93, 43.31, 0],
		[209, "H2_2", 1745.28, 570, "T", "DIP", "+6V", "", "C", 66.93, 66.93, 43.31, 0],
		[210, "H2_2", 1745.28, 570, "B", "DIP", "+6V", "", "C", 66.93, 66.93, 43.31, 0],
		[211, "H2_3", 1845.28, 570, "T", "DIP", "GND", "GND", "C", 66.93, 66.93, 43.31, 0],
		[212, "H2_3", 1845.28, 570, "B", "DIP", "GND", "GND", "C", 66.93, 66.93, 43.31, 0],
		[213, "H3_1", 1645.28, -450, "T", "DIP", "SERVO_PWM3", "", "R", 66.93, 66.93, 43.31, 0],
		[214, "H3_1", 1645.28, -450, "B", "DIP", "SERVO_PWM3", "", "R", 66.93, 66.93, 43.31, 0],
		[215, "H3_2", 1745.28, -450, "T", "DIP", "+6V", "", "C", 66.93, 66.93, 43.31, 0],
		[216, "H3_2", 1745.28, -450, "B", "DIP", "+6V", "", "C", 66.93, 66.93, 43.31, 0],
		[217, "H3_3", 1845.28, -450, "T", "DIP", "GND", "GND", "C", 66.93, 66.93, 43.31, 0],
		[218, "H3_3", 1845.28, -450, "B", "DIP", "GND", "GND", "C", 66.93, 66.93, 43.31, 0],
		[219, "H4_1", 1645.28, -570, "T", "DIP", "SERVO_PWM4", "", "R", 66.93, 66.93, 43.31, 0],
		[220, "H4_1", 1645.28, -570, "B", "DIP", "SERVO_PWM4", "", "R", 66.93, 66.93, 43.31, 0],
		[221, "H4_2", 1745.28, -570, "T", "DIP", "+6V", "", "C", 66.93, 66.93, 43.31, 0],
		[222, "H4_2", 1745.28, -570, "B", "DIP", "+6V", "", "C", 66.93, 66.93, 43.31, 0],
		[223, "H4_3", 1845.28, -570, "T", "DIP", "GND", "GND", "C", 66.93, 66.93, 43.31, 0],
		[224, "H4_3", 1845.28, -570, "B", "DIP", "GND", "GND", "C", 66.93, 66.93, 43.31, 0],
		[225, "HWT1_1", 2173.6, 250, "T", "DIP", "HWT1_1", "", "R", 70.87, 62.99, 40.16, 270],
		[226, "HWT1_1", 2173.6, 250, "B", "DIP", "HWT1_1", "", "R", 70.87, 62.99, 40.16, 270],
		[227, "HWT1_2", 2173.6, 150, "T", "DIP", "GND", "GND", "C", 62.99, 62.99, 40.16, 270],
		[228, "HWT1_2", 2173.6, 150, "B", "DIP", "GND", "GND", "C", 62.99, 62.99, 40.16, 270],
		[229, "HWT1_3", 2173.6, 50, "T", "DIP", "USART6_RX", "", "C", 62.99, 62.99, 40.16, 270],
		[230, "HWT1_3", 2173.6, 50, "B", "DIP", "USART6_RX", "", "C", 62.99, 62.99, 40.16, 270],
		[231, "HWT1_4", 2173.6, -50, "T", "DIP", "USART6_TX", "", "C", 62.99, 62.99, 40.16, 270],
		[232, "HWT1_4", 2173.6, -50, "B", "DIP", "USART6_TX", "", "C", 62.99, 62.99, 40.16, 270],
		[233, "HWT1_5", 2173.6, -150, "T", "DIP", "+3V3", "", "C", 62.99, 62.99, 40.16, 270],
		[234, "HWT1_5", 2173.6, -150, "B", "DIP", "+3V3", "", "C", 62.99, 62.99, 40.16, 270],
		[235, "HWT1_6", 2173.6, -250, "T", "DIP", "HWT1_6", "", "C", 62.99, 62.99, 40.16, 270],
		[236, "HWT1_6", 2173.6, -250, "B", "DIP", "HWT1_6", "", "C", 62.99, 62.99, 40.16, 270],
		[237, "U1_1", 272.75, 108.26, "T", "SMD", "U1_1", "", "R", 19.68, 62.99, 0, 270],
		[238, "U1_2", 367.25, 88.58, "T", "SMD", "U1_2", "", "R", 19.68, 62.99, 0, 270],
		[239, "U1_3", 272.75, 68.89, "T", "SMD", "U1_3", "", "R", 19.68, 62.99, 0, 270],
		[240, "U1_4", 367.25, 49.2, "T", "SMD", "U1_4", "", "R", 19.68, 62.99, 0, 270],
		[241, "U1_5", 272.75, 29.52, "T", "SMD", "GND", "GND", "R", 19.68, 62.99, 0, 270],
		[242, "U1_6", 367.25, 9.84, "T", "SMD", "U1_6", "", "R", 19.68, 62.99, 0, 270],
		[243, "U1_7", 272.75, -9.85, "T", "SMD", "U1_7", "", "R", 19.68, 62.99, 0, 270],
		[244, "U1_8", 367.25, -29.53, "T", "SMD", "UART5_RX", "", "R", 19.68, 62.99, 0, 270],
		[245, "U1_9", 272.75, -49.22, "T", "SMD", "UART5_TX", "", "R", 19.68, 62.99, 0, 270],
		[246, "U1_10", 367.25, -68.91, "T", "SMD", "GND", "GND", "R", 19.68, 62.99, 0, 270],
		[247, "U1_11", 272.75, -88.58, "T", "SMD", "+3V3", "", "R", 19.68, 62.99, 0, 270],
		[248, "U1_12", 367.25, -108.28, "T", "SMD", "U1_12", "", "R", 19.68, 62.99, 0, 270],
		[249, "U1_13", 320, -173.22, "T", "SMD", "GND", "GND", "R", 70.87, 157.48, 0, 270],
		[250, "U1_14", 320, 173.22, "T", "SMD", "GND", "GND", "R", 70.87, 157.48, 0, 270],
		[251, "U2_1", 580, -246.07, "T", "DIP", "+5V", "", "R", 60, 59.05, 39.37, 90],
		[252, "U2_1", 580, -246.07, "B", "DIP", "+5V", "", "R", 60, 59.05, 39.37, 90],
		[253, "U2_2", 580, -147.64, "T", "DIP", "PB15", "", "C", 59.05, 59.05, 39.37, 90],
		[254, "U2_2", 580, -147.64, "B", "DIP", "PB15", "", "C", 59.05, 59.05, 39.37, 90],
		[255, "U2_3", 580, -49.22, "T", "DIP", "PB14", "", "C", 59.05, 59.05, 39.37, 90],
		[256, "U2_3", 580, -49.22, "B", "DIP", "PB14", "", "C", 59.05, 59.05, 39.37, 90],
		[257, "U2_4", 580, 49.21, "T", "DIP", "PB13", "", "C", 59.05, 59.05, 39.37, 90],
		[258, "U2_4", 580, 49.21, "B", "DIP", "PB13", "", "C", 59.05, 59.05, 39.37, 90],
		[259, "U2_5", 580, 147.63, "T", "DIP", "PB12", "", "C", 59.05, 59.05, 39.37, 90],
		[260, "U2_5", 580, 147.63, "B", "DIP", "PB12", "", "C", 59.05, 59.05, 39.37, 90],
		[261, "U2_6", 580, 246.06, "T", "DIP", "GND", "GND", "C", 59.05, 59.05, 39.37, 90],
		[262, "U2_6", 580, 246.06, "B", "DIP", "GND", "GND", "C", 59.05, 59.05, 39.37, 90],
		[263, "U3_1", 1819.45, -142.5, "T", "SMD", "GND", "GND", "R", 97.05, 41.34, 0, 270],
		[264, "U3_2", 1910, -142.5, "T", "SMD", "+3V3", "", "R", 97.05, 41.34, 0, 270],
		[265, "U3_3", 2000.55, -142.5, "T", "SMD", "+5V", "", "R", 97.05, 41.34, 0, 270],
		[266, "U3_4", 1910, 82.5, "T", "SMD", "+3V3", "", "R", 97.05, 139.37, 0, 270],
		[267, "U4_1", 1673.6, 250, "T", "DIP", "U4_1", "", "R", 70.87, 62.99, 40.16, 270],
		[268, "U4_1", 1673.6, 250, "B", "DIP", "U4_1", "", "R", 70.87, 62.99, 40.16, 270],
		[269, "U4_2", 1673.6, 150, "T", "DIP", "U4_2", "", "C", 62.99, 62.99, 40.16, 270],
		[270, "U4_2", 1673.6, 150, "B", "DIP", "U4_2", "", "C", 62.99, 62.99, 40.16, 270],
		[271, "U4_3", 1673.6, 50, "T", "DIP", "U4_3", "", "C", 62.99, 62.99, 40.16, 270],
		[272, "U4_3", 1673.6, 50, "B", "DIP", "U4_3", "", "C", 62.99, 62.99, 40.16, 270],
		[273, "U4_4", 1673.6, -50, "T", "DIP", "U4_4", "", "C", 62.99, 62.99, 40.16, 270],
		[274, "U4_4", 1673.6, -50, "B", "DIP", "U4_4", "", "C", 62.99, 62.99, 40.16, 270],
		[275, "U4_5", 1673.6, -150, "T", "DIP", "U4_5", "", "C", 62.99, 62.99, 40.16, 270],
		[276, "U4_5", 1673.6, -150, "B", "DIP", "U4_5", "", "C", 62.99, 62.99, 40.16, 270],
		[277, "U4_6", 1673.6, -250, "T", "DIP", "U4_6", "", "C", 62.99, 62.99, 40.16, 270],
		[278, "U4_6", 1673.6, -250, "B", "DIP", "U4_6", "", "C", 62.99, 62.99, 40.16, 270]
	]
}
}