{
"lengthUnit": "mil",
"components": {
	"fields": ["COMPONENT_NO", "COMPONENT_NAME", "LAYER", "X_COORDINATE", "Y_COORDINATE", "ANGLE"],
	"rows": [
		[1, "C1", "T", -862.69, -879.95, 270],
		[2, "C2", "T", -937.44, -879.95, 270],
		[3, "C3", "T", -340.86, -889.39, 90],
		[4, "C4", "T", -420, -890, 270],
		[5, "C5", "T", -579.4, 463.77, 0],
		[6, "C6", "T", -580.01, 775.8, 180],
		[7, "C7", "T", -459.94, -380.05, 45],
		[8, "C8", "T", -193.99, -421.89, 45],
		[9, "C9", "T", -452.7, 114.46, 315],
		[10, "C10", "T", 118.86, 448.69, 225],
		[11, "C11", "T", 479.21, -91.92, 135],
		[12, "C12", "T", 143.96, -422.5, 135],
		[13, "C13", "T", -149.76, -541.84, 135],
		[14, "C14", "T", -502.89, -74.57, 315],
		[15, "C15", "T", -92.54, -484.62, 135],
		[16, "C16", "T", -356.34, -483.65, 45],
		[17, "C17", "T", 426.4, -145.58, 315],
		[18, "C18", "T", 170, 400, 45],
		[19, "C19", "T", -304.53, -535.45, 45],
		[20, "C20", "T", -564.12, -276.73, 225],
		[21, "C21", "T", -512.32, -328.53, 225],
		[22, "C22", "T", -252.73, -587.25, 45],
		[23, "C23", "T", -930, -1095, 90],
		[24, "C24", "T", -408.14, -431.85, 45],
		[25, "CN1", "B", 0, 1080.53, 0],
		[26, "D4", "T", -636.72, -200.71, 225],
		[27, "D5", "T", -415, 570, 0],
		[28, "H1", "T", 690, -604.72, 0],
		[29, "H2", "T", 749.9, 261.03, 0],
		[30, "POWER", "T", -703.41, -1097.64, 270],
		[31, "Q1", "T", -443.51, 670, 0],
		[32, "R1", "T", -710, 771.64, 0],
		[33, "R2", "T", -710, 460, 0],
		[34, "R3", "T", -779.83, -1097.8, 270],
		[35, "R4", "T", 267.41, -295.95, 315],
		[36, "R5", "T", -365.98, 198.08, 315],
		[37, "R6", "T", -852.94, -1097.8, 90],
		[38, "RESET", "T", -1085.29, -1097.66, 180],
		[39, "SW1", "T", -1027.09, -615, 0],
		[40, "SW2", "T", -1027.09, -270, 0],
		[41, "U1", "T", -640, -820, 180],
		[42, "U2", "T", -667, 613.48, 270],
		[43, "U3", "B", -1377.95, -196.85, 270],
		[44, "U4", "B", 1377.95, -196.85, 90],
		[45, "U5", "T", 0, 0, 315],
		[46, "USB1", "T", -1065, 635, 270],
		[47, "X1", "T", -301.94, -338.91, 135],
		[48, "X2", "T", -405.83, -189.02, 135]
	]
},
"pins": {
	"fields": ["PIN_NO", "PIN_NAME", "PIN_X", "PIN_Y", "LAYER", "PIN_TYPE", "NET_NAME", "NET_TYPE", "PAD_SHAPE", "PAD_SIZEX", "PAD_SIZEY", "HOLE_SIZE", "PAD_ANGLE"],
	"rows": [
		[1, "C1_1", -862.69, -852.39, "T", "SMD", "GND", "GND", "R", 31.5, 35.43, 0, 270],
		[2, "C1_2", -862.69, -907.51, "T", "SMD", "+5V_MCU", "", "R", 31.5, 35.43, 0, 270],
		[3, "C2_1", -937.44, -852.39, "T", "SMD", "GND", "GND", "R", 31.5, 35.43, 0, 270],
		[4, "C2_2", -937.44, -907.51, "T", "SMD", "+5V_MCU", "", "R", 31.5, 35.43, 0, 270],
		[5, "C3_1", -340.86, -916.95, "T", "SMD", "GND", "GND", "R", 31.5, 35.43, 0, 90],
		[6, "C3_2", -340.86, -861.83, "T", "SMD", "+3V3", "", "R", 31.5, 35.43, 0, 90],
		[7, "C4_1", -420, -862.44, "T", "SMD", "+3V3", "", "R", 31.5, 35.43, 0, 270],
		[8, "C4_2", -420, -917.56, "T", "SMD", "GND", "GND", "R", 31.5, 35.43, 0, 270],
		[9, "C5_1", -606.96, 463.77, "T", "SMD", "GND", "GND", "R", 31.5, 35.43, 0, 0],
		[10, "C5_2", -551.84, 463.77, "T", "SMD", "+5V_PI", "", "R", 31.5, 35.43, 0, 0],
		[11, "C6_1", -552.45, 775.8, "T", "SMD", "$1N7609", "", "R", 31.5, 35.43, 0, 180],
		[12, "C6_2", -607.57, 775.8, "T", "SMD", "GND", "GND", "R", 31.5, 35.43, 0, 180],
		[13, "C7_1", -479.42, -399.53, "T", "SMD", "GND", "GND", "R", 31.5, 35.43, 0, 45],
		[14, "C7_2", -440.45, -360.56, "T", "SMD", "+3V3", "", "R", 31.5, 35.43, 0, 45],
		[15, "C8_1", -213.48, -441.38, "T", "SMD", "GND", "GND", "R", 31.5, 35.43, 0, 45],
		[16, "C8_2", -174.5, -402.4, "T", "SMD", "+3V3", "", "R", 31.5, 35.43, 0, 45],
		[17, "C9_1", -472.19, 133.95, "T", "SMD", "GND", "GND", "R", 31.5, 35.43, 0, 315],
		[18, "C9_2", -433.22, 94.97, "T", "SMD", "+3V3", "", "R", 31.5, 35.43, 0, 315],
		[19, "C10_1", 138.35, 468.18, "T", "SMD", "GND", "GND", "R", 31.5, 35.43, 0, 225],
		[20, "C10_2", 99.37, 429.2, "T", "SMD", "+3V3", "", "R", 31.5, 35.43, 0, 225],
		[21, "C11_1", 498.69, -111.41, "T", "SMD", "GND", "GND", "R", 31.5, 35.43, 0, 135],
		[22, "C11_2", 459.72, -72.43, "T", "SMD", "+3V3", "", "R", 31.5, 35.43, 0, 135],
		[23, "C12_1", 163.45, -441.99, "T", "SMD", "GND", "GND", "R", 31.5, 35.43, 0, 135],
		[24, "C12_2", 124.48, -403.01, "T", "SMD", "+3V3", "", "R", 31.5, 35.43, 0, 135],
		[25, "C13_1", -130.28, -561.33, "T", "SMD", "GND", "GND", "R", 31.5, 35.43, 0, 135],
		[26, "C13_2", -169.25, -522.35, "T", "SMD", "+3V3", "", "R", 31.5, 35.43, 0, 135],
		[27, "C14_1", -522.38, -55.08, "T", "SMD", "GND", "GND", "R", 31.5, 35.43, 0, 315],
		[28, "C14_2", -483.4, -94.06, "T", "SMD", "$1N1732", "", "R", 31.5, 35.43, 0, 315],
		[29, "C15_1", -73.05, -504.11, "T", "SMD", "GND", "GND", "R", 31.5, 35.43, 0, 135],
		[30, "C15_2", -112.03, -465.13, "T", "SMD", "+3V3", "", "R", 31.5, 35.43, 0, 135],
		[31, "C16_1", -375.82, -503.14, "T", "SMD", "GND", "GND", "R", 31.5, 35.43, 0, 45],
		[32, "C16_2", -336.85, -464.16, "T", "SMD", "PH1", "", "R", 31.5, 35.43, 0, 45],
		[33, "C17_1", 406.92, -126.09, "T", "SMD", "$1N1716", "", "R", 31.5, 35.43, 0, 315],
		[34, "C17_2", 445.89, -165.07, "T", "SMD", "GND", "GND", "R", 31.5, 35.43, 0, 315],
		[35, "C18_1", 150.51, 380.51, "T", "SMD", "$1N1715", "", "R", 31.5, 35.43, 0, 45],
		[36, "C18_2", 189.49, 419.49, "T", "SMD", "GND", "GND", "R", 31.5, 35.43, 0, 45],
		[37, "C19_1", -324.02, -554.94, "T", "SMD", "GND", "GND", "R", 31.5, 35.43, 0, 45],
		[38, "C19_2", -285.05, -515.96, "T", "SMD", "+3V3", "", "R", 31.5, 35.43, 0, 45],
		[39, "C20_1", -544.63, -257.24, "T", "SMD", "PC14", "", "R", 31.5, 35.43, 0, 225],
		[40, "C20_2", -583.61, -296.21, "T", "SMD", "GND", "GND", "R", 31.5, 35.43, 0, 225],
		[41, "C21_1", -492.83, -309.04, "T", "SMD", "PC15", "", "R", 31.5, 35.43, 0, 225],
		[42, "C21_2", -531.81, -348.01, "T", "SMD", "GND", "GND", "R", 31.5, 35.43, 0, 225],
		[43, "C22_1", -272.22, -606.74, "T", "SMD", "GND", "GND", "R", 31.5, 35.43, 0, 45],
		[44, "C22_2", -233.25, -567.76, "T", "SMD", "+3V3", "", "R", 31.5, 35.43, 0, 45],
		[45, "C23_1", -930, -1122.56, "T", "SMD", "$1N1713", "", "R", 31.5, 35.43, 0, 90],
		[46, "C23_2", -930, -1067.44, "T", "SMD", "GND", "GND", "R", 31.5, 35.43, 0, 90],
		[47, "C24_1", -427.62, -451.34, "T", "SMD", "GND", "GND", "R", 31.5, 35.43, 0, 45],
		[48, "C24_2", -388.65, -412.36, "T", "SMD", "PH0", "", "R", 31.5, 35.43, 0, 45],
		[49, "CN1_1", 950, 1030.53, "T", "DIP", "24V_2", "", "C", 66.93, 66.93, 43.31, 180],
		[50, "CN1_1", 950, 1030.53, "B", "DIP", "24V_2", "", "C", 66.93, 66.93, 43.31, 180],
		[51, "CN1_2", 950, 1130.53, "T", "DIP", "24V_2", "", "C", 66.93, 66.93, 43.31, 180],
		[52, "CN1_2", 950, 1130.53, "B", "DIP", "24V_2", "", "C", 66.93, 66.93, 43.31, 180],
		[53, "CN1_3", 850, 1030.53, "T", "DIP", "24V_2", "", "C", 66.93, 66.93, 43.31, 180],
		[54, "CN1_3", 850, 1030.53, "B", "DIP", "24V_2", "", "C", 66.93, 66.93, 43.31, 180],
		[55, "CN1_4", 850, 1130.53, "T", "DIP", "24V_2", "", "C", 66.93, 66.93, 43.31, 180],
		[56, "CN1_4", 850, 1130.53, "B", "DIP", "24V_2", "", "C", 66.93, 66.93, 43.31, 180],
		[57, "CN1_5", 750, 1030.53, "T", "DIP", "24V_2", "", "C", 66.93, 66.93, 43.31, 180],
		[58, "CN1_5", 750, 1030.53, "B", "DIP", "24V_2", "", "C", 66.93, 66.93, 43.31, 180],
		[59, "CN1_6", 750, 1130.53, "T", "DIP", "24V_2", "", "C", 66.93, 66.93, 43.31, 180],
		[60, "CN1_6", 750, 1130.53, "B", "DIP", "24V_2", "", "C", 66.93, 66.93, 43.31, 180],
		[61, "CN1_7", 650, 1030.53, "T", "DIP", "+6V", "", "C", 66.93, 66.93, 43.31, 180],
		[62, "CN1_7", 650, 1030.53, "B", "DIP", "+6V", "", "C", 66.93, 66.93, 43.31, 180],
		[63, "CN1_8", 650, 1130.53, "T", "DIP", "+6V", "", "C", 66.93, 66.93, 43.31, 180],
		[64, "CN1_8", 650, 1130.53, "B", "DIP", "+6V", "", "C", 66.93, 66.93, 43.31, 180],
		[65, "CN1_9", 550, 1030.53, "T", "DIP", "+6V", "", "C", 66.93, 66.93, 43.31, 180],
		[66, "CN1_9", 550, 1030.53, "B", "DIP", "+6V", "", "C", 66.93, 66.93, 43.31, 180],
		[67, "CN1_10", 550, 1130.53, "T", "DIP", "+6V", "", "C", 66.93, 66.93, 43.31, 180],
		[68, "CN1_10", 550, 1130.53, "B", "DIP", "+6V", "", "C", 66.93, 66.93, 43.31, 180],
		[69, "CN1_11", 450, 1030.53, "T", "DIP", "GND", "GND", "C", 66.93, 66.93, 43.31, 180],
		[70, "CN1_11", 450, 1030.53, "B", "DIP", "GND", "GND", "C", 66.93, 66.93, 43.31, 180],
		[71, "CN1_12", 450, 1130.53, "T", "DIP", "GND", "GND", "C", 66.93, 66.93, 43.31, 180],
		[72, "CN1_12", 450, 1130.53, "B", "DIP", "GND", "GND", "C", 66.93, 66.93, 43.31, 180],
		[73, "CN1_13", 350, 1030.53, "T", "DIP", "PB12", "", "C", 66.93, 66.93, 43.31, 180],
		[74, "CN1_13", 350, 1030.53, "B", "DIP", "PB12", "", "C", 66.93, 66.93, 43.31, 180],
		[75, "CN1_14", 350, 1130.53, "T", "DIP", "PB13", "", "C", 66.93, 66.93, 43.31, 180],
		[76, "CN1_14", 350, 1130.53, "B", "DIP", "PB13", "", "C", 66.93, 66.93, 43.31, 180],
		[77, "CN1_15", 250, 1030.53, "T", "DIP", "PB14", "", "C", 66.93, 66.93, 43.31, 180],
		[78, "CN1_15", 250, 1030.53, "B", "DIP", "PB14", "", "C", 66.93, 66.93, 43.31, 180],
		[79, "CN1_16", 250, 1130.53, "T", "DIP", "PB15", "", "C", 66.93, 66.93, 43.31, 180],
		[80, "CN1_16", 250, 1130.53, "B", "DIP", "PB15", "", "C", 66.93, 66.93, 43.31, 180],
		[81, "CN1_17", 150, 1030.53, "T", "DIP", "USART3_TX", "", "C", 66.93, 66.93, 43.31, 180],
		[82, "CN1_17", 150, 1030.53, "B", "DIP", "USART3_TX", "", "C", 66.93, 66.93, 43.31, 180],
		[83, "CN1_18", 150, 1130.53, "T", "DIP", "USART3_RX", "", "C", 66.93, 66.93, 43.31, 180],
		[84, "CN1_18", 150, 1130.53, "B", "DIP", "USART3_RX", "", "C", 66.93, 66.93, 43.31, 180],
		[85, "CN1_19", 50, 1030.53, "T", "DIP", "SERVO_PWM1", "", "C", 66.93, 66.93, 43.31, 180],
		[86, "CN1_19", 50, 1030.53, "B", "DIP", "SERVO_PWM1", "", "C", 66.93, 66.93, 43.31, 180],
		[87, "CN1_20", 50, 1130.53, "T", "DIP", "SERVO_PWM2", "", "C", 66.93, 66.93, 43.31, 180],
		[88, "CN1_20", 50, 1130.53, "B", "DIP", "SERVO_PWM2", "", "C", 66.93, 66.93, 43.31, 180],
		[89, "CN1_21", -50, 1030.53, "T", "DIP", "SERVO_PWM3", "", "C", 66.93, 66.93, 43.31, 180],
		[90, "CN1_21", -50, 1030.53, "B", "DIP", "SERVO_PWM3", "", "C", 66.93, 66.93, 43.31, 180],
		[91, "CN1_22", -50, 1130.53, "T", "DIP", "SERVO_PWM4", "", "C", 66.93, 66.93, 43.31, 180],
		[92, "CN1_22", -50, 1130.53, "B", "DIP", "SERVO_PWM4", "", "C", 66.93, 66.93, 43.31, 180],
		[93, "CN1_23", -150, 1030.53, "T", "DIP", "USART6_TX", "", "C", 66.93, 66.93, 43.31, 180],
		[94, "CN1_23", -150, 1030.53, "B", "DIP", "USART6_TX", "", "C", 66.93, 66.93, 43.31, 180],
		[95, "CN1_24", -150, 1130.53, "T", "DIP", "USART6_RX", "", "C", 66.93, 66.93, 43.31, 180],
		[96, "CN1_24", -150, 1130.53, "B", "DIP", "USART6_RX", "", "C", 66.93, 66.93, 43.31, 180],
		[97, "CN1_25", -250, 1030.53, "T", "DIP", "UART4_TX", "", "C", 66.93, 66.93, 43.31, 180],
		[98, "CN1_25", -250, 1030.53, "B", "DIP", "UART4_TX", "", "C", 66.93, 66.93, 43.31, 180],
		[99, "CN1_26", -250, 1130.53, "T", "DIP", "UART4_RX", "", "C", 66.93, 66.93, 43.31, 180],
		[100, "CN1_26", -250, 1130.53, "B", "DIP", "UART4_RX", "", "C", 66.93, 66.93, 43.31, 180],
		[101, "CN1_27", -350, 1030.53, "T", "DIP", "UART5_TX", "", "C", 66.93, 66.93, 43.31, 180],
		[102, "CN1_27", -350, 1030.53, "B", "DIP", "UART5_TX", "", "C", 66.93, 66.93, 43.31, 180],
		[103, "CN1_28", -350, 1130.53, "T", "DIP", "UART5_RX", "", "C", 66.93, 66.93, 43.31, 180],
		[104, "CN1_28", -350, 1130.53, "B", "DIP", "UART5_RX", "", "C", 66.93, 66.93, 43.31, 180],
		[105, "CN1_29", -450, 1030.53, "T", "DIP", "USART1_TX_MCU", "", "C", 66.93, 66.93, 43.31, 180],
		[106, "CN1_29", -450, 1030.53, "B", "DIP", "USART1_TX_MCU", "", "C", 66.93, 66.93, 43.31, 180],
		[107, "CN1_30", -450, 1130.53, "T", "DIP", "USART1_RX_MCU", "", "C", 66.93, 66.93, 43.31, 180],
		[108, "CN1_30", -450, 1130.53, "B", "DIP", "USART1_RX_MCU", "", "C", 66.93, 66.93, 43.31, 180],
		[109, "CN1_31", -550, 1030.53, "T", "DIP", "GND", "GND", "C", 66.93, 66.93, 43.31, 180],
		[110, "CN1_31", -550, 1030.53, "B", "DIP", "GND", "GND", "C", 66.93, 66.93, 43.31, 180],
		[111, "CN1_32", -550, 1130.53, "T", "DIP", "GND", "GND", "C", 66.93, 66.93, 43.31, 180],
		[112, "CN1_32", -550, 1130.53, "B", "DIP", "GND", "GND", "C", 66.93, 66.93, 43.31, 180],
		[113, "CN1_33", -650, 1030.53, "T", "DIP", "+5V", "", "C", 66.93, 66.93, 43.31, 180],
		[114, "CN1_33", -650, 1030.53, "B", "DIP", "+5V", "", "C", 66.93, 66.93, 43.31, 180],
		[115, "CN1_34", -650, 1130.53, "T", "DIP", "+5V", "", "C", 66.93, 66.93, 43.31, 180],
		[116, "CN1_34", -650, 1130.53, "B", "DIP", "+5V", "", "C", 66.93, 66.93, 43.31, 180],
		[117, "CN1_35", -750, 1030.53, "T", "DIP", "24V_1", "", "C", 66.93, 66.93, 43.31, 180],
		[118, "CN1_35", -750, 1030.53, "B", "DIP", "24V_1", "", "C", 66.93, 66.93, 43.31, 180],
		[119, "CN1_36", -750, 1130.53, "T", "DIP", "24V_1", "", "C", 66.93, 66.93, 43.31, 180],
		[120, "CN1_36", -750, 1130.53, "B", "DIP", "24V_1", "", "C", 66.93, 66.93, 43.31, 180],
		[121, "CN1_37", -850, 1030.53, "T", "DIP", "24V_1", "", "C", 66.93, 66.93, 43.31, 180],
		[122, "CN1_37", -850, 1030.53, "B", "DIP", "24V_1", "", "C", 66.93, 66.93, 43.31, 180],
		[123, "CN1_38", -850, 1130.53, "T", "DIP", "24V_1", "", "C", 66.93, 66.93, 43.31, 180],
		[124, "CN1_38", -850, 1130.53, "B", "DIP", "24V_1", "", "C", 66.93, 66.93, 43.31, 180],
		[125, "CN1_39", -950, 1030.53, "T", "DIP", "24V_1", "", "C", 66.93, 66.93, 43.31, 180],
		[126, "CN1_39", -950, 1030.53, "B", "DIP", "24V_1", "", "C", 66.93, 66.93, 43.31, 180],
		[127, "CN1_40", -950, 1130.53, "T", "DIP", "24V_1", "", "C", 66.93, 66.93, 43.31, 180],
		[128, "CN1_40", -950, 1130.53, "B", "DIP", "24V_1", "", "C", 66.93, 66.93, 43.31, 180],
		[129, "D4_1", -578.26, -142.25, "T", "SMD", "$1N1732", "", "R", 78.74, 62.72, 0, 45],
		[130, "D4_2", -695.19, -259.18, "T", "SMD", "+3V3", "", "R", 78.74, 62.72, 0, 45],
		[131, "D5_1", -479.37, 570, "T", "SMD", "USART1_RX", "", "R", 35.83, 48.03, 0, 0],
		[132, "D5_2", -350.63, 570, "T", "SMD", "USART1_RX_MCU", "", "R", 35.83, 48.03, 0, 0],
		[133, "H1_1", 490, -654.72, "T", "DIP", "USART2_RX", "", "R", 66.93, 66.93, 43.31, 0],
		[134, "H1_1", 490, -654.72, "B", "DIP", "USART2_RX", "", "R", 66.93, 66.93, 43.31, 0],
		[135, "H1_2", 490, -554.72, "T", "DIP", "+5V_MCU", "", "C", 66.93, 66.93, 43.31, 0],
		[136, "H1_2", 490, -554.72, "B", "DIP", "+5V_MCU", "", "C", 66.93, 66.93, 43.31, 0],
		[137, "H1_3", 590, -654.72, "T", "DIP", "USART2_TX", "", "C", 66.93, 66.93, 43.31, 0],
		[138, "H1_3", 590, -654.72, "B", "DIP", "USART2_TX", "", "C", 66.93, 66.93, 43.31, 0],
		[139, "H1_4", 590, -554.72, "T", "DIP", "+3V3", "", "C", 66.93, 66.93, 43.31, 0],
		[140, "H1_4", 590, -554.72, "B", "DIP", "+3V3", "", "C", 66.93, 66.93, 43.31, 0],
		[141, "H1_5", 690, -654.72, "T", "DIP", "PB4(RST)", "", "C", 66.93, 66.93, 43.31, 0],
		[142, "H1_5", 690, -654.72, "B", "DIP", "PB4(RST)", "", "C", 66.93, 66.93, 43.31, 0],
		[143, "H1_6", 690, -554.72, "T", "DIP", "GND", "GND", "C", 66.93, 66.93, 43.31, 0],
		[144, "H1_6", 690, -554.72, "B", "DIP", "GND", "GND", "C", 66.93, 66.93, 43.31, 0],
		[145, "H1_7", 790, -654.72, "T", "DIP", "PA15(TDI)", "", "C", 66.93, 66.93, 43.31, 0],
		[146, "H1_7", 790, -654.72, "B", "DIP", "PA15(TDI)", "", "C", 66.93, 66.93, 43.31, 0],
		[147, "H1_8", 790, -554.72, "T", "DIP", "PA14(CLK)", "", "C", 66.93, 66.93, 43.31, 0],
		[148, "H1_8", 790, -554.72, "B", "DIP", "PA14(CLK)", "", "C", 66.93, 66.93, 43.31, 0],
		[149, "H1_9", 890, -654.72, "T", "DIP", "PB3(TDO)", "", "C", 66.93, 66.93, 43.31, 0],
		[150, "H1_9", 890, -654.72, "B", "DIP", "PB3(TDO)", "", "C", 66.93, 66.93, 43.31, 0],
		[151, "H1_10", 890, -554.72, "T", "DIP", "PA13(DIO)", "", "C", 66.93, 66.93, 43.31, 0],
		[152, "H1_10", 890, -554.72, "B", "DIP", "PA13(DIO)", "", "C", 66.93, 66.93, 43.31, 0],
		[153, "H2_1", 749.9, 261.03, "T", "DIP", "$1N12945", "", "R", 66.93, 66.93, 43.31, 0],
		[154, "H2_1", 749.9, 261.03, "B", "DIP", "$1N12945", "", "R", 66.93, 66.93, 43.31, 0],
		[155, "POWER_1", -703.55, -1066.16, "T", "SMD", "GND", "GND", "R", 31.5, 31.5, 0, 0],
		[156, "POWER_2", -703.28, -1129.11, "T", "SMD", "$1N6023", "", "R", 31.5, 31.5, 0, 0],
		[157, "Q1_1", -408.16, 644.41, "T", "SMD", "+3V3", "", "R", 36.85, 19.68, 0, 0],
		[158, "Q1_2", -408.16, 695.59, "T", "SMD", "USART1_TX_MCU", "", "R", 36.85, 19.68, 0, 0],
		[159, "Q1_3", -478.86, 670, "T", "SMD", "USART1_TX", "", "R", 36.85, 19.68, 0, 0],
		[160, "R1_1", -739.66, 771.64, "T", "SMD", "$1N10157", "", "R", 31.75, 34.02, 0, 0],
		[161, "R1_2", -680.34, 771.64, "T", "SMD", "GND", "GND", "R", 31.75, 34.02, 0, 0],
		[162, "R2_1", -739.66, 460, "T", "SMD", "$1N10439", "", "R", 31.75, 34.02, 0, 0],
		[163, "R2_2", -680.34, 460, "T", "SMD", "GND", "GND", "R", 31.75, 34.02, 0, 0],
		[164, "R3_1", -779.83, -1068.14, "T", "SMD", "+3V3", "", "R", 31.75, 34.02, 0, 270],
		[165, "R3_2", -779.83, -1127.46, "T", "SMD", "$1N6023", "", "R", 31.75, 34.02, 0, 270],
		[166, "R4_1", 246.44, -274.98, "T", "SMD", "$1N1744", "", "R", 31.75, 34.02, 0, 315],
		[167, "R4_2", 288.39, -316.92, "T", "SMD", "GND", "GND", "R", 31.75, 34.02, 0, 315],
		[168, "R5_1", -386.96, 219.05, "T", "SMD", "GND", "GND", "R", 31.75, 34.02, 0, 315],
		[169, "R5_2", -345.01, 177.1, "T", "SMD", "$1N1733", "", "R", 31.75, 34.02, 0, 315],
		[170, "R6_1", -852.94, -1127.46, "T", "SMD", "$1N1713", "", "R", 31.75, 34.02, 0, 90],
		[171, "R6_2", -852.94, -1068.14, "T", "SMD", "+3V3", "", "R", 31.75, 34.02, 0, 90],
		[172, "RESET_1", -999.27, -1097.66, "T", "SMD", "$1N1713", "", "R", 48.42, 53.54, 0, 180],
		[173, "RESET_2", -1171.31, -1097.66, "T", "SMD", "GND", "GND", "R", 48.42, 53.54, 0, 180],
		[174, "SW1_1", -1125.51, -502.79, "T", "SMD", "+5V", "", "R", 47.24, 78.74, 0, 180],
		[175, "SW1_2", -1027.09, -502.79, "T", "SMD", "+5V_MCU", "", "R", 47.24, 78.74, 0, 180],
		[176, "SW1_3", -928.67, -502.79, "T", "SMD", "SW1_3", "", "R", 47.24, 78.74, 0, 180],
		[177, "SW1_4", -1125.51, -727.21, "T", "SMD", "+5V", "", "R", 47.24, 78.74, 0, 180],
		[178, "SW1_5", -1027.09, -727.19, "T", "SMD", "+5V_MCU", "", "R", 47.24, 78.74, 0, 180],
		[179, "SW1_6", -928.67, -727.21, "T", "SMD", "SW1_6", "", "R", 47.24, 78.74, 0, 180],
		[180, "SW2_1", -1125.51, -157.8, "T", "SMD", "+5V", "", "R", 47.24, 78.74, 0, 180],
		[181, "SW2_2", -1027.09, -157.8, "T", "SMD", "+5V_PI", "", "R", 47.24, 78.74, 0, 180],
		[182, "SW2_3", -928.67, -157.8, "T", "SMD", "SW2_3", "", "R", 47.24, 78.74, 0, 180],
		[183, "SW2_4", -1125.51, -382.21, "T", "SMD", "+5V", "", "R", 47.24, 78.74, 0, 180],
		[184, "SW2_5", -1027.09, -382.19, "T", "SMD", "+5V_PI", "", "R", 47.24, 78.74, 0, 180],
		[185, "SW2_6", -928.67, -382.21, "T", "SMD", "SW2_6", "", "R", 47.24, 78.74, 0, 180],
		[186, "U1_1", -752.5, -729.45, "T", "SMD", "GND", "GND", "R", 97.05, 41.34, 0, 180],
		[187, "U1_2", -752.5, -820, "T", "SMD", "+3V3", "", "R", 97.05, 41.34, 0, 180],
		[188, "U1_3", -752.5, -910.55, "T", "SMD", "+5V_MCU", "", "R", 97.05, 41.34, 0, 180],
		[189, "U1_4", -527.5, -820, "T", "SMD", "+3V3", "", "R", 97.05, 139.37, 0, 180],
		[190, "U2_1", -772.61, 688.48, "T", "SMD", "USB_P", "", "O", 24.8, 73.42, 0, 270],
		[191, "U2_2", -772.61, 638.48, "T", "SMD", "USB_N", "", "O", 24.8, 73.42, 0, 270],
		[192, "U2_3", -772.61, 588.48, "T", "SMD", "GND", "GND", "O", 24.8, 73.42, 0, 270],
		[193, "U2_4", -772.61, 538.48, "T", "SMD", "U2_4", "", "O", 24.8, 73.42, 0, 270],
		[194, "U2_5", -561.39, 538.48, "T", "SMD", "+5V_PI", "", "O", 24.8, 73.42, 0, 270],
		[195, "U2_6", -561.39, 588.48, "T", "SMD", "USART1_RX", "", "O", 24.8, 73.42, 0, 270],
		[196, "U2_7", -561.39, 638.48, "T", "SMD", "USART1_TX", "", "O", 24.8, 73.42, 0, 270],
		[197, "U2_8", -561.39, 688.48, "T", "SMD", "$1N7609", "", "O", 24.8, 73.42, 0, 270],
		[198, "U3_1", -1327.95, 253.15, "T", "DIP", "24V_1", "", "R", 70.87, 70.87, 43.31, 270],
		[199, "U3_1", -1327.95, 253.15, "B", "DIP", "24V_1", "", "R", 70.87, 70.87, 43.31, 270],
		[200, "U3_2", -1427.95, 253.15, "T", "DIP", "24V_1", "", "C", 70.87, 70.87, 43.31, 270],
		[201, "U3_2", -1427.95, 253.15, "B", "DIP", "24V_1", "", "C", 70.87, 70.87, 43.31, 270],
		[202, "U3_3", -1327.95, 153.15, "T", "DIP", "24V_1", "", "C", 70.87, 70.87, 43.31, 270],
		[203, "U3_3", -1327.95, 153.15, "B", "DIP", "24V_1", "", "C", 70.87, 70.87, 43.31, 270],
		[204, "U3_4", -1427.95, 153.15, "T", "DIP", "24V_1", "", "C", 70.87, 70.87, 43.31, 270],
		[205, "U3_4", -1427.95, 153.15, "B", "DIP", "24V_1", "", "C", 70.87, 70.87, 43.31, 270],
		[206, "U3_5", -1327.95, 53.15, "T", "DIP", "24V_1", "", "C", 70.87, 70.87, 43.31, 270],
		[207, "U3_5", -1327.95, 53.15, "B", "DIP", "24V_1", "", "C", 70.87, 70.87, 43.31, 270],
		[208, "U3_6", -1427.95, 53.15, "T", "DIP", "24V_1", "", "C", 70.87, 70.87, 43.31, 270],
		[209, "U3_6", -1427.95, 53.15, "B", "DIP", "24V_1", "", "C", 70.87, 70.87, 43.31, 270],
		[210, "U3_7", -1327.95, -46.85, "T", "DIP", "24V_1", "", "C", 70.87, 70.87, 43.31, 270],
		[211, "U3_7", -1327.95, -46.85, "B", "DIP", "24V_1", "", "C", 70.87, 70.87, 43.31, 270],
		[212, "U3_8", -1427.95, -46.85, "T", "DIP", "24V_1", "", "C", 70.87, 70.87, 43.31, 270],
		[213, "U3_8", -1427.95, -46.85, "B", "DIP", "24V_1", "", "C", 70.87, 70.87, 43.31, 270],
		[214, "U3_9", -1327.95, -146.85, "T", "DIP", "24V_1", "", "C", 70.87, 70.87, 43.31, 270],
		[215, "U3_9", -1327.95, -146.85, "B", "DIP", "24V_1", "", "C", 70.87, 70.87, 43.31, 270],
		[216, "U3_10", -1427.95, -146.85, "T", "DIP", "24V_1", "", "C", 70.87, 70.87, 43.31, 270],
		[217, "U3_10", -1427.95, -146.85, "B", "DIP", "24V_1", "", "C", 70.87, 70.87, 43.31, 270],
		[218, "U3_11", -1327.95, -246.85, "T", "DIP", "GND", "GND", "C", 70.87, 70.87, 43.31, 270],
		[219, "U3_11", -1327.95, -246.85, "B", "DIP", "GND", "GND", "C", 70.87, 70.87, 43.31, 270],
		[220, "U3_12", -1427.95, -246.85, "T", "DIP", "GND", "GND", "C", 70.87, 70.87, 43.31, 270],
		[221, "U3_12", -1427.95, -246.85, "B", "DIP", "GND", "GND", "C", 70.87, 70.87, 43.31, 270],
		[222, "U3_13", -1327.95, -346.85, "T", "DIP", "+5V", "", "C", 70.87, 70.87, 43.31, 270],
		[223, "U3_13", -1327.95, -346.85, "B", "DIP", "+5V", "", "C", 70.87, 70.87, 43.31, 270],
		[224, "U3_14", -1427.95, -346.85, "T", "DIP", "+5V", "", "C", 70.87, 70.87, 43.31, 270],
		[225, "U3_14", -1427.95, -346.85, "B", "DIP", "+5V", "", "C", 70.87, 70.87, 43.31, 270],
		[226, "U3_15", -1327.95, -446.85, "T", "DIP", "+5V", "", "C", 70.87, 70.87, 43.31, 270],
		[227, "U3_15", -1327.95, -446.85, "B", "DIP", "+5V", "", "C", 70.87, 70.87, 43.31, 270],
		[228, "U3_16", -1427.95, -446.85, "T", "DIP", "+5V", "", "C", 70.87, 70.87, 43.31, 270],
		[229, "U3_16", -1427.95, -446.85, "B", "DIP", "+5V", "", "C", 70.87, 70.87, 43.31, 270],
		[230, "U3_17", -1327.95, -546.85, "T", "DIP", "+5V", "", "C", 70.87, 70.87, 43.31, 270],
		[231, "U3_17", -1327.95, -546.85, "B", "DIP", "+5V", "", "C", 70.87, 70.87, 43.31, 270],
		[232, "U3_18", -1427.95, -546.85, "T", "DIP", "+5V", "", "C", 70.87, 70.87, 43.31, 270],
		[233, "U3_18", -1427.95, -546.85, "B", "DIP", "+5V", "", "C", 70.87, 70.87, 43.31, 270],
		[234, "U3_19", -1327.95, -646.85, "T", "DIP", "+5V", "", "C", 70.87, 70.87, 43.31, 270],
		[235, "U3_19", -1327.95, -646.85, "B", "DIP", "+5V", "", "C", 70.87, 70.87, 43.31, 270],
		[236, "U3_20", -1427.95, -646.85, "T", "DIP", "+5V", "", "C", 70.87, 70.87, 43.31, 270],
		[237, "U3_20", -1427.95, -646.85, "B", "DIP", "+5V", "", "C", 70.87, 70.87, 43.31, 270],
		[238, "U4_1", 1327.95, -646.85, "T", "DIP", "+6V", "", "R", 70.87, 70.87, 43.31, 90],
		[239, "U4_1", 1327.95, -646.85, "B", "DIP", "+6V", "", "R", 70.87, 70.87, 43.31, 90],
		[240, "U4_2", 1427.95, -646.85, "T", "DIP", "+6V", "", "C", 70.87, 70.87, 43.31, 90],
		[241, "U4_2", 1427.95, -646.85, "B", "DIP", "+6V", "", "C", 70.87, 70.87, 43.31, 90],
		[242, "U4_3", 1327.95, -546.85, "T", "DIP", "+6V", "", "C", 70.87, 70.87, 43.31, 90],
		[243, "U4_3", 1327.95, -546.85, "B", "DIP", "+6V", "", "C", 70.87, 70.87, 43.31, 90],
		[244, "U4_4", 1427.95, -546.85, "T", "DIP", "+6V", "", "C", 70.87, 70.87, 43.31, 90],
		[245, "U4_4", 1427.95, -546.85, "B", "DIP", "+6V", "", "C", 70.87, 70.87, 43.31, 90],
		[246, "U4_5", 1327.95, -446.85, "T", "DIP", "+6V", "", "C", 70.87, 70.87, 43.31, 90],
		[247, "U4_5", 1327.95, -446.85, "B", "DIP", "+6V", "", "C", 70.87, 70.87, 43.31, 90],
		[248, "U4_6", 1427.95, -446.85, "T", "DIP", "+6V", "", "C", 70.87, 70.87, 43.31, 90],
		[249, "U4_6", 1427.95, -446.85, "B", "DIP", "+6V", "", "C", 70.87, 70.87, 43.31, 90],
		[250, "U4_7", 1327.95, -346.85, "T", "DIP", "+6V", "", "C", 70.87, 70.87, 43.31, 90],
		[251, "U4_7", 1327.95, -346.85, "B", "DIP", "+6V", "", "C", 70.87, 70.87, 43.31, 90],
		[252, "U4_8", 1427.95, -346.85, "T", "DIP", "+6V", "", "C", 70.87, 70.87, 43.31, 90],
		[253, "U4_8", 1427.95, -346.85, "B", "DIP", "+6V", "", "C", 70.87, 70.87, 43.31, 90],
		[254, "U4_9", 1327.95, -246.85, "T", "DIP", "GND", "GND", "C", 70.87, 70.87, 43.31, 90],
		[255, "U4_9", 1327.95, -246.85, "B", "DIP", "GND", "GND", "C", 70.87, 70.87, 43.31, 90],
		[256, "U4_10", 1427.95, -246.85, "T", "DIP", "GND", "GND", "C", 70.87, 70.87, 43.31, 90],
		[257, "U4_10", 1427.95, -246.85, "B", "DIP", "GND", "GND", "C", 70.87, 70.87, 43.31, 90],
		[258, "U4_11", 1327.95, -146.85, "T", "DIP", "24V_2", "", "C", 70.87, 70.87, 43.31, 90],
		[259, "U4_11", 1327.95, -146.85, "B", "DIP", "24V_2", "", "C", 70.87, 70.87, 43.31, 90],
		[260, "U4_12", 1427.95, -146.85, "T", "DIP", "24V_2", "", "C", 70.87, 70.87, 43.31, 90],
		[261, "U4_12", 1427.95, -146.85, "B", "DIP", "24V_2", "", "C", 70.87, 70.87, 43.31, 90],
		[262, "U4_13", 1327.95, -46.85, "T", "DIP", "24V_2", "", "C", 70.87, 70.87, 43.31, 90],
		[263, "U4_13", 1327.95, -46.85, "B", "DIP", "24V_2", "", "C", 70.87, 70.87, 43.31, 90],
		[264, "U4_14", 1427.95, -46.85, "T", "DIP", "24V_2", "", "C", 70.87, 70.87, 43.31, 90],
		[265, "U4_14", 1427.95, -46.85, "B", "DIP", "24V_2", "", "C", 70.87, 70.87, 43.31, 90],
		[266, "U4_15", 1327.95, 53.15, "T", "DIP", "24V_2", "", "C", 70.87, 70.87, 43.31, 90],
		[267, "U4_15", 1327.95, 53.15, "B", "DIP", "24V_2", "", "C", 70.87, 70.87, 43.31, 90],
		[268, "U4_16", 1427.95, 53.15, "T", "DIP", "24V_2", "", "C", 70.87, 70.87, 43.31, 90],
		[269, "U4_16", 1427.95, 53.15, "B", "DIP", "24V_2", "", "C", 70.87, 70.87, 43.31, 90],
		[270, "U4_17", 1327.95, 153.15, "T", "DIP", "24V_2", "", "C", 70.87, 70.87, 43.31, 90],
		[271, "U4_17", 1327.95, 153.15, "B", "DIP", "24V_2", "", "C", 70.87, 70.87, 43.31, 90],
		[272, "U4_18", 1427.95, 153.15, "T", "DIP", "24V_2", "", "C", 70.87, 70.87, 43.31, 90],
		[273, "U4_18", 1427.95, 153.15, "B", "DIP", "24V_2", "", "C", 70.87, 70.87, 43.31, 90],
		[274, "U4_19", 1327.95, 253.15, "T", "DIP", "24V_2", "", "C", 70.87, 70.87, 43.31, 90],
		[275, "U4_19", 1327.95, 253.15, "B", "DIP", "24V_2", "", "C", 70.87, 70.87, 43.31, 90],
		[276, "U4_20", 1427.95, 253.15, "T", "DIP", "24V_2", "", "C", 70.87, 70.87, 43.31, 90],
		[277, "U4_20", 1427.95, 253.15, "B", "DIP", "24V_2", "", "C", 70.87, 70.87, 43.31, 90],
		[278, "U5_1", -377.21, -43.15, "T", "SMD", "U5_1", "", "O", 11.81, 62.99, 0, 315],
		[279, "U5_2", -363.3, -57.06, "T", "SMD", "U5_2", "", "O", 11.81, 62.99, 0, 315],
		[280, "U5_3", -349.37, -70.99, "T", "SMD", "U5_3", "", "O", 11.81, 62.99, 0, 315],
		[281, "U5_4", -335.46, -84.9, "T", "SMD", "U5_4", "", "O", 11.81, 62.99, 0, 315],
		[282, "U5_5", -321.54, -98.83, "T", "SMD", "U5_5", "", "O", 11.81, 62.99, 0, 315],
		[283, "U5_6", -307.62, -112.74, "T", "SMD", "$1N1732", "", "O", 11.81, 62.99, 0, 315],
		[284, "U5_7", -293.7, -126.66, "T", "SMD", "U5_7", "", "O", 11.81, 62.99, 0, 315],
		[285, "U5_8", -279.78, -140.58, "T", "SMD", "PC14", "", "O", 11.81, 62.99, 0, 315],
		[286, "U5_9", -265.86, -154.5, "T", "SMD", "PC15", "", "O", 11.81, 62.99, 0, 315],
		[287, "U5_10", -251.94, -168.42, "T", "SMD", "GND", "GND", "O", 11.81, 62.99, 0, 315],
		[288, "U5_11", -238.02, -182.34, "T", "SMD", "+3V3", "", "O", 11.81, 62.99, 0, 315],
		[289, "U5_12", -224.1, -196.26, "T", "SMD", "PH0", "", "O", 11.81, 62.99, 0, 315],
		[290, "U5_13", -210.18, -210.18, "T", "SMD", "PH1", "", "O", 11.81, 62.99, 0, 315],
		[291, "U5_14", -196.26, -224.1, "T", "SMD", "$1N1713", "", "O", 11.81, 62.99, 0, 315],
		[292, "U5_15", -182.34, -238.02, "T", "SMD", "U5_15", "", "O", 11.81, 62.99, 0, 315],
		[293, "U5_16", -168.42, -251.94, "T", "SMD", "U5_16", "", "O", 11.81, 62.99, 0, 315],
		[294, "U5_17", -154.5, -265.86, "T", "SMD", "U5_17", "", "O", 11.81, 62.99, 0, 315],
		[295, "U5_18", -140.58, -279.78, "T", "SMD", "U5_18", "", "O", 11.81, 62.99, 0, 315],
		[296, "U5_19", -126.66, -293.7, "T", "SMD", "+3V3", "", "O", 11.81, 62.99, 0, 315],
		[297, "U5_20", -112.74, -307.62, "T", "SMD", "GND", "GND", "O", 11.81, 62.99, 0, 315],
		[298, "U5_21", -98.83, -321.54, "T", "SMD", "+3V3", "", "O", 11.81, 62.99, 0, 315],
		[299, "U5_22", -84.9, -335.46, "T", "SMD", "+3V3", "", "O", 11.81, 62.99, 0, 315],
		[300, "U5_23", -70.99, -349.37, "T", "SMD", "U5_23", "", "O", 11.81, 62.99, 0, 315],
		[301, "U5_24", -57.06, -363.3, "T", "SMD", "U5_24", "", "O", 11.81, 62.99, 0, 315],
		[302, "U5_25", -43.15, -377.21, "T", "SMD", "U5_25", "", "O", 11.81, 62.99, 0, 315],
		[303, "U5_26", 43.15, -377.21, "T", "SMD", "U5_26", "", "O", 62.99, 11.81, 0, 315],
		[304, "U5_27", 57.06, -363.3, "T", "SMD", "GND", "GND", "O", 62.99, 11.81, 0, 315],
		[305, "U5_28", 70.99, -349.37, "T", "SMD", "+3V3", "", "O", 62.99, 11.81, 0, 315],
		[306, "U5_29", 84.9, -335.46, "T", "SMD", "U5_29", "", "O", 62.99, 11.81, 0, 315],
		[307, "U5_30", 98.83, -321.54, "T", "SMD", "U5_30", "", "O", 62.99, 11.81, 0, 315],
		[308, "U5_31", 112.74, -307.62, "T", "SMD", "U5_31", "", "O", 62.99, 11.81, 0, 315],
		[309, "U5_32", 126.66, -293.7, "T", "SMD", "U5_32", "", "O", 62.99, 11.81, 0, 315],
		[310, "U5_33", 140.58, -279.78, "T", "SMD", "U5_33", "", "O", 62.99, 11.81, 0, 315],
		[311, "U5_34", 154.5, -265.86, "T", "SMD", "U5_34", "", "O", 62.99, 11.81, 0, 315],
		[312, "U5_35", 168.42, -251.94, "T", "SMD", "U5_35", "", "O", 62.99, 11.81, 0, 315],
		[313, "U5_36", 182.34, -238.02, "T", "SMD", "U5_36", "", "O", 62.99, 11.81, 0, 315],
		[314, "U5_37", 196.26, -224.1, "T", "SMD", "$1N1744", "", "O", 62.99, 11.81, 0, 315],
		[315, "U5_38", 210.18, -210.18, "T", "SMD", "U5_38", "", "O", 62.99, 11.81, 0, 315],
		[316, "U5_39", 224.1, -196.26, "T", "SMD", "U5_39", "", "O", 62.99, 11.81, 0, 315],
		[317, "U5_40", 238.02, -182.34, "T", "SMD", "U5_40", "", "O", 62.99, 11.81, 0, 315],
		[318, "U5_41", 251.94, -168.42, "T", "SMD", "U5_41", "", "O", 62.99, 11.81, 0, 315],
		[319, "U5_42", 265.86, -154.5, "T", "SMD", "U5_42", "", "O", 62.99, 11.81, 0, 315],
		[320, "U5_43", 279.78, -140.58, "T", "SMD", "U5_43", "", "O", 62.99, 11.81, 0, 315],
		[321, "U5_44", 293.7, -126.66, "T", "SMD", "U5_44", "", "O", 62.99, 11.81, 0, 315],
		[322, "U5_45", 307.62, -112.74, "T", "SMD", "U5_45", "", "O", 62.99, 11.81, 0, 315],
		[323, "U5_46", 321.54, -98.83, "T", "SMD", "U5_46", "", "O", 62.99, 11.81, 0, 315],
		[324, "U5_47", 335.46, -84.9, "T", "SMD", "U5_47", "", "O", 62.99, 11.81, 0, 315],
		[325, "U5_48", 349.37, -70.99, "T", "SMD", "U5_48", "", "O", 62.99, 11.81, 0, 315],
		[326, "U5_49", 363.3, -57.06, "T", "SMD", "$1N1716", "", "O", 62.99, 11.81, 0, 315],
		[327, "U5_50", 377.21, -43.15, "T", "SMD", "+3V3", "", "O", 62.99, 11.81, 0, 315],
		[328, "U5_51", 377.21, 43.15, "T", "SMD", "PB12", "", "O", 11.81, 62.99, 0, 315],
		[329, "U5_52", 363.3, 57.06, "T", "SMD", "PB13", "", "O", 11.81, 62.99, 0, 315],
		[330, "U5_53", 349.37, 70.99, "T", "SMD", "PB14", "", "O", 11.81, 62.99, 0, 315],
		[331, "U5_54", 335.46, 84.9, "T", "SMD", "PB15", "", "O", 11.81, 62.99, 0, 315],
		[332, "U5_55", 321.54, 98.83, "T", "SMD", "USART3_TX", "", "O", 11.81, 62.99, 0, 315],
		[333, "U5_56", 307.62, 112.74, "T", "SMD", "USART3_RX", "", "O", 11.81, 62.99, 0, 315],
		[334, "U5_57", 293.7, 126.66, "T", "SMD", "$1N12945", "", "O", 11.81, 62.99, 0, 315],
		[335, "U5_58", 279.78, 140.58, "T", "SMD", "U5_58", "", "O", 11.81, 62.99, 0, 315],
		[336, "U5_59", 265.86, 154.5, "T", "SMD", "SERVO_PWM1", "", "O", 11.81, 62.99, 0, 315],
		[337, "U5_60", 251.94, 168.42, "T", "SMD", "SERVO_PWM2", "", "O", 11.81, 62.99, 0, 315],
		[338, "U5_61", 238.02, 182.34, "T", "SMD", "SERVO_PWM3", "", "O", 11.81, 62.99, 0, 315],
		[339, "U5_62", 224.1, 196.26, "T", "SMD", "SERVO_PWM4", "", "O", 11.81, 62.99, 0, 315],
		[340, "U5_63", 210.18, 210.18, "T", "SMD", "USART6_TX", "", "O", 11.81, 62.99, 0, 315],
		[341, "U5_64", 196.26, 224.1, "T", "SMD", "USART6_RX", "", "O", 11.81, 62.99, 0, 315],
		[342, "U5_65", 182.34, 238.02, "T", "SMD", "U5_65", "", "O", 11.81, 62.99, 0, 315],
		[343, "U5_66", 168.42, 251.94, "T", "SMD", "U5_66", "", "O", 11.81, 62.99, 0, 315],
		[344, "U5_67", 154.5, 265.86, "T", "SMD", "U5_67", "", "O", 11.81, 62.99, 0, 315],
		[345, "U5_68", 140.58, 279.78, "T", "SMD", "USART1_TX_MCU", "", "O", 11.81, 62.99, 0, 315],
		[346, "U5_69", 126.66, 293.7, "T", "SMD", "USART1_RX_MCU", "", "O", 11.81, 62.99, 0, 315],
		[347, "U5_70", 112.74, 307.62, "T", "SMD", "U5_70", "", "O", 11.81, 62.99, 0, 315],
		[348, "U5_71", 98.83, 321.54, "T", "SMD", "U5_71", "", "O", 11.81, 62.99, 0, 315],
		[349, "U5_72", 84.9, 335.46, "T", "SMD", "PA13(DIO)", "", "O", 11.81, 62.99, 0, 315],
		[350, "U5_73", 70.99, 349.37, "T", "SMD", "$1N1715", "", "O", 11.81, 62.99, 0, 315],
		[351, "U5_74", 57.06, 363.3, "T", "SMD", "GND", "GND", "O", 11.81, 62.99, 0, 315],
		[352, "U5_75", 43.15, 377.21, "T", "SMD", "+3V3", "", "O", 11.81, 62.99, 0, 315],
		[353, "U5_76", -43.15, 377.21, "T", "SMD", "PA14(CLK)", "", "O", 62.99, 11.81, 0, 315],
		[354, "U5_77", -57.06, 363.3, "T", "SMD", "PA15(TDI)", "", "O", 62.99, 11.81, 0, 315],
		[355, "U5_78", -70.99, 349.37, "T", "SMD", "UART4_TX", "", "O", 62.99, 11.81, 0, 315],
		[356, "U5_79", -84.9, 335.46, "T", "SMD", "UART4_RX", "", "O", 62.99, 11.81, 0, 315],
		[357, "U5_80", -98.83, 321.54, "T", "SMD", "UART5_TX", "", "O", 62.99, 11.81, 0, 315],
		[358, "U5_81", -112.74, 307.62, "T", "SMD", "U5_81", "", "O", 62.99, 11.81, 0, 315],
		[359, "U5_82", -126.66, 293.7, "T", "SMD", "U5_82", "", "O", 62.99, 11.81, 0, 315],
		[360, "U5_83", -140.58, 279.78, "T", "SMD", "UART5_RX", "", "O", 62.99, 11.81, 0, 315],
		[361, "U5_84", -154.5, 265.86, "T", "SMD", "U5_84", "", "O", 62.99, 11.81, 0, 315],
		[362, "U5_85", -168.42, 251.94, "T", "SMD", "U5_85", "", "O", 62.99, 11.81, 0, 315],
		[363, "U5_86", -182.34, 238.02, "T", "SMD", "USART2_TX", "", "O", 62.99, 11.81, 0, 315],
		[364, "U5_87", -196.26, 224.1, "T", "SMD", "USART2_RX", "", "O", 62.99, 11.81, 0, 315],
		[365, "U5_88", -210.18, 210.18, "T", "SMD", "U5_88", "", "O", 62.99, 11.81, 0, 315],
		[366, "U5_89", -224.1, 196.26, "T", "SMD", "PB3(TDO)", "", "O", 62.99, 11.81, 0, 315],
		[367, "U5_90", -238.02, 182.34, "T", "SMD", "PB4(RST)", "", "O", 62.99, 11.81, 0, 315],
		[368, "U5_91", -251.94, 168.42, "T", "SMD", "U5_91", "", "O", 62.99, 11.81, 0, 315],
		[369, "U5_92", -265.86, 154.5, "T", "SMD", "U5_92", "", "O", 62.99, 11.81, 0, 315],
		[370, "U5_93", -279.78, 140.58, "T", "SMD", "U5_93", "", "O", 62.99, 11.81, 0, 315],
		[371, "U5_94", -293.7, 126.66, "T", "SMD", "$1N1733", "", "O", 62.99, 11.81, 0, 315],
		[372, "U5_95", -307.62, 112.74, "T", "SMD", "U5_95", "", "O", 62.99, 11.81, 0, 315],
		[373, "U5_96", -321.54, 98.83, "T", "SMD", "U5_96", "", "O", 62.99, 11.81, 0, 315],
		[374, "U5_97", -335.46, 84.9, "T", "SMD", "U5_97", "", "O", 62.99, 11.81, 0, 315],
		[375, "U5_98", -349.37, 70.99, "T", "SMD", "U5_98", "", "O", 62.99, 11.81, 0, 315],
		[376, "U5_99", -363.3, 57.06, "T", "SMD", "GND", "GND", "O", 62.99, 11.81, 0, 315],
		[377, "U5_100", -377.21, 43.15, "T", "SMD", "+3V3", "", "O", 62.99, 11.81, 0, 315],
		[378, "USB1_1", -1196.89, 885.98, "T", "DIP", "GND", "GND", "O", 35.43, 78.74, 59.05, 270],
		[379, "USB1_1", -1196.89, 885.98, "B", "DIP", "GND", "GND", "O", 35.43, 78.74, 59.05, 270],
		[380, "USB1_1", -973.27, 885.98, "T", "DIP", "GND", "GND", "O", 35.43, 78.74, 59.05, 270],
		[381, "USB1_1", -973.27, 885.98, "B", "DIP", "GND", "GND", "O", 35.43, 78.74, 59.05, 270],
		[382, "USB1_1", -1196.89, 384.02, "T", "DIP", "GND", "GND", "O", 35.43, 78.74, 59.05, 270],
		[383, "USB1_1", -1196.89, 384.02, "B", "DIP", "GND", "GND", "O", 35.43, 78.74, 59.05, 270],
		[384, "USB1_1", -973.27, 384.02, "T", "DIP", "GND", "GND", "O", 35.43, 78.74, 59.05, 270],
		[385, "USB1_1", -973.27, 384.02, "B", "DIP", "GND", "GND", "O", 35.43, 78.74, 59.05, 270],
		[386, "USB1_A1", -1011.85, 822.99, "T", "DIP", "GND", "GND", "C", 27.56, 27.56, 15.75, 270],
		[387, "USB1_A1", -1011.85, 822.99, "B", "DIP", "GND", "GND", "C", 27.56, 27.56, 15.75, 270],
		[388, "USB1_A1", -1137.84, 822.99, "T", "DIP", "GND", "GND", "C", 27.56, 27.56, 15.75, 270],
		[389, "USB1_A1", -1137.84, 822.99, "B", "DIP", "GND", "GND", "C", 27.56, 27.56, 15.75, 270],
		[390, "USB1_A12", -1011.85, 447.01, "T", "DIP", "GND", "GND", "C", 27.56, 27.56, 15.75, 270],
		[391, "USB1_A12", -1011.85, 447.01, "B", "DIP", "GND", "GND", "C", 27.56, 27.56, 15.75, 270],
		[392, "USB1_A12", -1137.84, 447.01, "T", "DIP", "GND", "GND", "C", 27.56, 27.56, 15.75, 270],
		[393, "USB1_A12", -1137.84, 447.01, "B", "DIP", "GND", "GND", "C", 27.56, 27.56, 15.75, 270],
		[394, "USB1_A4", -1011.85, 765.9, "T", "DIP", "+5V_PI", "", "C", 27.56, 27.56, 15.75, 270],
		[395, "USB1_A4", -1011.85, 765.9, "B", "DIP", "+5V_PI", "", "C", 27.56, 27.56, 15.75, 270],
		[396, "USB1_A4", -1137.84, 765.9, "T", "DIP", "+5V_PI", "", "C", 27.56, 27.56, 15.75, 270],
		[397, "USB1_A4", -1137.84, 765.9, "B", "DIP", "+5V_PI", "", "C", 27.56, 27.56, 15.75, 270],
		[398, "USB1_A5", -1011.85, 720.63, "T", "DIP", "$1N10157", "", "C", 27.56, 27.56, 15.75, 270],
		[399, "USB1_A5", -1011.85, 720.63, "B", "DIP", "$1N10157", "", "C", 27.56, 27.56, 15.75, 270],
		[400, "USB1_A5", -1137.84, 720.63, "T", "DIP", "$1N10157", "", "C", 27.56, 27.56, 15.75, 270],
		[401, "USB1_A5", -1137.84, 720.63, "B", "DIP", "$1N10157", "", "C", 27.56, 27.56, 15.75, 270],
		[402, "USB1_A6", -1011.85, 663.54, "T", "DIP", "USB1_A6", "", "C", 27.56, 27.56, 15.75, 270],
		[403, "USB1_A6", -1011.85, 663.54, "B", "DIP", "USB1_A6", "", "C", 27.56, 27.56, 15.75, 270],
		[404, "USB1_A6", -1137.84, 663.54, "T", "DIP", "USB1_A_A6", "", "C", 27.56, 27.56, 15.75, 270],
		[405, "USB1_A6", -1137.84, 663.54, "B", "DIP", "USB1_A_A6", "", "C", 27.56, 27.56, 15.75, 270],
		[406, "USB1_A7", -1011.85, 606.45, "T", "DIP", "USB1_A7", "", "C", 27.56, 27.56, 15.75, 270],
		[407, "USB1_A7", -1011.85, 606.45, "B", "DIP", "USB1_A7", "", "C", 27.56, 27.56, 15.75, 270],
		[408, "USB1_A7", -1137.84, 606.45, "T", "DIP", "USB1_A_A7", "", "C", 27.56, 27.56, 15.75, 270],
		[409, "USB1_A7", -1137.84, 606.45, "B", "DIP", "USB1_A_A7", "", "C", 27.56, 27.56, 15.75, 270],
		[410, "USB1_A8", -1011.85, 549.37, "T", "DIP", "USB1_A8", "", "C", 27.56, 27.56, 15.75, 270],
		[411, "USB1_A8", -1011.85, 549.37, "B", "DIP", "USB1_A8", "", "C", 27.56, 27.56, 15.75, 270],
		[412, "USB1_A8", -1137.84, 549.37, "T", "DIP", "USB1_A_A8", "", "C", 27.56, 27.56, 15.75, 270],
		[413, "USB1_A8", -1137.84, 549.37, "B", "DIP", "USB1_A_A8", "", "C", 27.56, 27.56, 15.75, 270],
		[414, "USB1_A9", -1011.85, 504.09, "T", "DIP", "+5V_PI", "", "C", 27.56, 27.56, 15.75, 270],
		[415, "USB1_A9", -1011.85, 504.09, "B", "DIP", "+5V_PI", "", "C", 27.56, 27.56, 15.75, 270],
		[416, "USB1_A9", -1137.84, 504.09, "T", "DIP", "+5V_PI", "", "C", 27.56, 27.56, 15.75, 270],
		[417, "USB1_A9", -1137.84, 504.09, "B", "DIP", "+5V_PI", "", "C", 27.56, 27.56, 15.75, 270],
		[418, "USB1_B1", -933.11, 447.01, "T", "DIP", "GND", "GND", "C", 27.56, 27.56, 15.75, 270],
		[419, "USB1_B1", -933.11, 447.01, "B", "DIP", "GND", "GND", "C", 27.56, 27.56, 15.75, 270],
		[420, "USB1_B1", -1059.1, 447.01, "T", "DIP", "GND", "GND", "C", 27.56, 27.56, 15.75, 270],
		[421, "USB1_B1", -1059.1, 447.01, "B", "DIP", "GND", "GND", "C", 27.56, 27.56, 15.75, 270],
		[422, "USB1_B12", -933.11, 822.99, "T", "DIP", "GND", "GND", "C", 27.56, 27.56, 15.75, 270],
		[423, "USB1_B12", -933.11, 822.99, "B", "DIP", "GND", "GND", "C", 27.56, 27.56, 15.75, 270],
		[424, "USB1_B12", -1059.1, 822.99, "T", "DIP", "GND", "GND", "C", 27.56, 27.56, 15.75, 270],
		[425, "USB1_B12", -1059.1, 822.99, "B", "DIP", "GND", "GND", "C", 27.56, 27.56, 15.75, 270],
		[426, "USB1_B4", -933.11, 504.09, "T", "DIP", "+5V_PI", "", "C", 27.56, 27.56, 15.75, 270],
		[427, "USB1_B4", -933.11, 504.09, "B", "DIP", "+5V_PI", "", "C", 27.56, 27.56, 15.75, 270],
		[428, "USB1_B4", -1059.1, 504.09, "T", "DIP", "+5V_PI", "", "C", 27.56, 27.56, 15.75, 270],
		[429, "USB1_B4", -1059.1, 504.09, "B", "DIP", "+5V_PI", "", "C", 27.56, 27.56, 15.75, 270],
		[430, "USB1_B5", -933.11, 549.37, "T", "DIP", "$1N10439", "", "C", 27.56, 27.56, 15.75, 270],
		[431, "USB1_B5", -933.11, 549.37, "B", "DIP", "$1N10439", "", "C", 27.56, 27.56, 15.75, 270],
		[432, "USB1_B5", -1059.1, 549.37, "T", "DIP", "$1N10439", "", "C", 27.56, 27.56, 15.75, 270],
		[433, "USB1_B5", -1059.1, 549.37, "B", "DIP", "$1N10439", "", "C", 27.56, 27.56, 15.75, 270],
		[434, "USB1_B6", -933.11, 606.45, "T", "DIP", "USB_P", "", "C", 27.56, 27.56, 15.75, 270],
		[435, "USB1_B6", -933.11, 606.45, "B", "DIP", "USB_P", "", "C", 27.56, 27.56, 15.75, 270],
		[436, "USB1_B6", -1059.1, 606.45, "T", "DIP", "USB_P", "", "C", 27.56, 27.56, 15.75, 270],
		[437, "USB1_B6", -1059.1, 606.45, "B", "DIP", "USB_P", "", "C", 27.56, 27.56, 15.75, 270],
		[438, "USB1_B7", -933.11, 663.54, "T", "DIP", "USB_N", "", "C", 27.56, 27.56, 15.75, 270],
		[439, "USB1_B7", -933.11, 663.54, "B", "DIP", "USB_N", "", "C", 27.56, 27.56, 15.75, 270],
		[440, "USB1_B7", -1059.1, 663.54, "T", "DIP", "USB_N", "", "C", 27.56, 27.56, 15.75, 270],
		[441, "USB1_B7", -1059.1, 663.54, "B", "DIP", "USB_N", "", "C", 27.56, 27.56, 15.75, 270],
		[442, "USB1_B8", -933.11, 720.63, "T", "DIP", "USB1_B8", "", "C", 27.56, 27.56, 15.75, 270],
		[443, "USB1_B8", -933.11, 720.63, "B", "DIP", "USB1_B8", "", "C", 27.56, 27.56, 15.75, 270],
		[444, "USB1_B8", -1059.1, 720.63, "T", "DIP", "USB1_A_B8", "", "C", 27.56, 27.56, 15.75, 270],
		[445, "USB1_B8", -1059.1, 720.63, "B", "DIP", "USB1_A_B8", "", "C", 27.56, 27.56, 15.75, 270],
		[446, "USB1_B9", -933.11, 765.9, "T", "DIP", "+5V_PI", "", "C", 27.56, 27.56, 15.75, 270],
		[447, "USB1_B9", -933.11, 765.9, "B", "DIP", "+5V_PI", "", "C", 27.56, 27.56, 15.75, 270],
		[448, "USB1_B9", -1059.1, 765.9, "T", "DIP", "+5V_PI", "", "C", 27.56, 27.56, 15.75, 270],
		[449, "USB1_B9", -1059.1, 765.9, "B", "DIP", "+5V_PI", "", "C", 27.56, 27.56, 15.75, 270],
		[450, "X1_1", -246.95, -345.18, "T", "SMD", "PH1", "", "R", 55.12, 47.24, 0, 135],
		[451, "X1_2", -308.2, -283.93, "T", "SMD", "GND", "GND", "R", 55.12, 47.24, 0, 135],
		[452, "X1_3", -356.92, -332.65, "T", "SMD", "PH0", "", "R", 55.12, 47.24, 0, 135],
		[453, "X1_4", -295.67, -393.9, "T", "SMD", "GND", "GND", "R", 55.12, 47.24, 0, 135],
		[454, "X2_1", -370.47, -224.38, "T", "SMD", "PC15", "", "R", 41.34, 66.93, 0, 135],
		[455, "X2_2", -441.19, -153.66, "T", "SMD", "PC14", "", "R", 41.34, 66.93, 0, 135]
	]
}
}