{
"lengthUnit": "mil",
"components": {
	"fields": ["COMPONENT_NO", "COMPONENT_NAME", "LAYER", "X_COORDINATE", "Y_COORDINATE", "ANGLE"],
	"rows": [
		[1, "C1", "B", -980, 161.28, 270],
		[2, "C2", "B", -907.44, 161.28, 270],
		[3, "CN1", "T", -1050, -0.91, 0],
		[4, "key1", "T", -1255, 165, 90],
		[5, "key2", "T", -1075, 165, 90],
		[6, "LED1", "B", -485.83, 280.52, 150],
		[7, "LED2", "B", 0, 561.02, 90],
		[8, "LED3", "B", 280.52, 485.88, 150],
		[9, "LED4", "B", 485.83, 280.52, 30],
		[10, "LED5", "B", 485.85, -280.48, 330],
		[11, "LED6", "B", 280.5, -485.84, 30],
		[12, "LED7", "B", 0, -561.02, 270],
		[13, "LED8", "B", -485.85, -280.48, 210],
		[14, "LED9", "B", -561.06, 0, 270],
		[15, "U1", "T", -855, 158.19, 90],
		[16, "PAD1", "T", 561.02, 0, 0],
		[17, "PAD1", "B", 561.02, 0, 0],
		[18, "PAD2", "T", -280.51, -485.87, 0],
		[19, "PAD2", "B", -280.51, -485.87, 0],
		[20, "PAD3", "T", -280.51, 485.87, 0],
		[21, "PAD3", "B", -280.51, 485.87, 0]
	]
},
"pins": {
	"fields": ["PIN_NO", "PIN_NAME", "PIN_X", "PIN_Y", "LAYER", "PIN_TYPE", "NET_NAME", "NET_TYPE", "PAD_SHAPE", "PAD_SIZEX", "PAD_SIZEY", "HOLE_SIZE", "PAD_ANGLE"],
	"rows": [
		[1, "C1_1", -980, 188.84, "B", "SMD", "GND", "GND", "R", 31.5, 35.43, 0, 270],
		[2, "C1_2", -980, 133.72, "B", "SMD", "5V", "", "R", 31.5, 35.43, 0, 270],
		[3, "C2_1", -907.44, 188.84, "B", "SMD", "GND", "GND", "R", 31.5, 35.43, 0, 270],
		[4, "C2_2", -907.44, 133.72, "B", "SMD", "5V", "", "R", 31.5, 35.43, 0, 270],
		[5, "CN1_1", -1200, -0.91, "T", "DIP", "5V", "", "C", 68.9, 68.9, 43.31, 0],
		[6, "CN1_1", -1200, -0.91, "B", "DIP", "5V", "", "C", 68.9, 68.9, 43.31, 0],
		[7, "CN1_2", -1100, -0.91, "T", "DIP", "RX", "", "C", 68.9, 68.9, 43.31, 0],
		[8, "CN1_2", -1100, -0.91, "B", "DIP", "RX", "", "C", 68.9, 68.9, 43.31, 0],
		[9, "CN1_3", -1000, -0.91, "T", "DIP", "TX", "", "C", 68.9, 68.9, 43.31, 0],
		[10, "CN1_3", -1000, -0.91, "B", "DIP", "TX", "", "C", 68.9, 68.9, 43.31, 0],
		[11, "CN1_4", -900, -0.91, "T", "DIP", "GND", "GND", "C", 68.9, 68.9, 43.31, 0],
		[12, "CN1_4", -900, -0.91, "B", "DIP", "GND", "GND", "C", 68.9, 68.9, 43.31, 0],
		[13, "key1_1", -1255, 78.98, "T", "SMD", "$1N962", "", "R", 48.42, 53.54, 0, 90],
		[14, "key1_2", -1255, 251.02, "T", "SMD", "GND", "GND", "R", 48.42, 53.54, 0, 90],
		[15, "key2_1", -1075, 78.98, "T", "SMD", "$1N966", "", "R", 48.42, 53.54, 0, 90],
		[16, "key2_2", -1075, 251.02, "T", "SMD", "GND", "GND", "R", 48.42, 53.54, 0, 90],
		[17, "LED1_1", -483.9, 165.75, "B", "SMD", "5V", "", "R", 59.05, 39.37, 0, 60],
		[18, "LED1_2", -586.18, 224.8, "B", "SMD", "LED1_2", "", "R", 59.05, 39.37, 0, 60],
		[19, "LED1_3", -487.75, 395.28, "B", "SMD", "GND", "GND", "R", 59.05, 39.37, 0, 60],
		[20, "LED1_4", -385.48, 336.23, "B", "SMD", "$1N1827", "", "R", 59.05, 39.37, 0, 60],
		[21, "LED2_1", -98.42, 501.97, "B", "SMD", "5V", "", "R", 59.05, 39.37, 0, 0],
		[22, "LED2_2", -98.42, 620.07, "B", "SMD", "$1N1827", "", "R", 59.05, 39.37, 0, 0],
		[23, "LED2_3", 98.42, 620.07, "B", "SMD", "GND", "GND", "R", 59.05, 39.37, 0, 0],
		[24, "LED2_4", 98.42, 501.97, "B", "SMD", "$1N1837", "", "R", 59.05, 39.37, 0, 0],
		[25, "LED3_1", 282.44, 371.12, "B", "SMD", "5V", "", "R", 59.05, 39.37, 0, 60],
		[26, "LED3_2", 180.17, 430.17, "B", "SMD", "$1N1837", "", "R", 59.05, 39.37, 0, 60],
		[27, "LED3_3", 278.59, 600.65, "B", "SMD", "GND", "GND", "R", 59.05, 39.37, 0, 60],
		[28, "LED3_4", 380.87, 541.6, "B", "SMD", "$1N1844", "", "R", 59.05, 39.37, 0, 60],
		[29, "LED4_1", 385.48, 336.23, "B", "SMD", "5V", "", "R", 59.05, 39.37, 0, 300],
		[30, "LED4_2", 487.75, 395.28, "B", "SMD", "$1N1844", "", "R", 59.05, 39.37, 0, 300],
		[31, "LED4_3", 586.18, 224.8, "B", "SMD", "GND", "GND", "R", 59.05, 39.37, 0, 300],
		[32, "LED4_4", 483.9, 165.75, "B", "SMD", "$1N1852", "", "R", 59.05, 39.37, 0, 300],
		[33, "LED5_1", 483.92, -165.72, "B", "SMD", "5V", "", "R", 59.05, 39.37, 0, 240],
		[34, "LED5_2", 586.2, -224.77, "B", "SMD", "$1N1852", "", "R", 59.05, 39.37, 0, 240],
		[35, "LED5_3", 487.77, -395.24, "B", "SMD", "GND", "GND", "R", 59.05, 39.37, 0, 240],
		[36, "LED5_4", 385.5, -336.19, "B", "SMD", "$1N1862", "", "R", 59.05, 39.37, 0, 240],
		[37, "LED6_1", 180.15, -430.12, "B", "SMD", "5V", "", "R", 59.05, 39.37, 0, 300],
		[38, "LED6_2", 282.43, -371.07, "B", "SMD", "$1N1862", "", "R", 59.05, 39.37, 0, 300],
		[39, "LED6_3", 380.86, -541.55, "B", "SMD", "GND", "GND", "R", 59.05, 39.37, 0, 300],
		[40, "LED6_4", 278.58, -600.6, "B", "SMD", "$1N1869", "", "R", 59.05, 39.37, 0, 300],
		[41, "LED7_1", 98.42, -501.97, "B", "SMD", "5V", "", "R", 59.05, 39.37, 0, 180],
		[42, "LED7_2", 98.42, -620.07, "B", "SMD", "$1N1869", "", "R", 59.05, 39.37, 0, 180],
		[43, "LED7_3", -98.43, -620.07, "B", "SMD", "GND", "GND", "R", 59.05, 39.37, 0, 180],
		[44, "LED7_4", -98.43, -501.97, "B", "SMD", "$1N1881", "", "R", 59.05, 39.37, 0, 180],
		[45, "LED8_1", -385.5, -336.19, "B", "SMD", "5V", "", "R", 59.05, 39.37, 0, 120],
		[46, "LED8_2", -487.77, -395.24, "B", "SMD", "$1N1881", "", "R", 59.05, 39.37, 0, 120],
		[47, "LED8_3", -586.2, -224.77, "B", "SMD", "GND", "GND", "R", 59.05, 39.37, 0, 120],
		[48, "LED8_4", -483.92, -165.72, "B", "SMD", "$1N1887", "", "R", 59.05, 39.37, 0, 120],
		[49, "LED9_1", -462.64, 59.05, "B", "SMD", "5V", "", "R", 59.05, 39.37, 0, 180],
		[50, "LED9_2", -462.64, -59.05, "B", "SMD", "$1N1887", "", "R", 59.05, 39.37, 0, 180],
		[51, "LED9_3", -659.49, -59.05, "B", "SMD", "GND", "GND", "R", 59.05, 39.37, 0, 180],
		[52, "LED9_4", -659.49, 59.05, "B", "SMD", "LED_CONTROL", "", "R", 59.05, 39.37, 0, 180],
		[53, "U1_1", -749.39, 83.19, "T", "SMD", "U1_1", "", "O", 24.8, 73.42, 0, 90],
		[54, "U1_2", -749.39, 133.19, "T", "SMD", "5V", "", "O", 24.8, 73.42, 0, 90],
		[55, "U1_3", -749.39, 183.19, "T", "SMD", "LED_CONTROL", "", "O", 24.8, 73.42, 0, 90],
		[56, "U1_4", -749.39, 233.19, "T", "SMD", "GND", "GND", "O", 24.8, 73.42, 0, 90],
		[57, "U1_5", -960.61, 233.19, "T", "SMD", "RX", "", "O", 24.8, 73.42, 0, 90],
		[58, "U1_6", -960.61, 183.19, "T", "SMD", "TX", "", "O", 24.8, 73.42, 0, 90],
		[59, "U1_7", -960.61, 133.19, "T", "SMD", "$1N962", "", "O", 24.8, 73.42, 0, 90],
		[60, "U1_8", -960.61, 83.19, "T", "SMD", "$1N966", "", "O", 24.8, 73.42, 0, 90],
		[61, "PAD1_101", 561.02, 0, "T", "DIP", "GND", "GND", "C", 177.17, 177.17, 125.98, 0],
		[62, "PAD1_101", 561.02, 0, "B", "DIP", "GND", "GND", "C", 177.17, 177.17, 125.98, 0],
		[63, "PAD2_101", -280.51, -485.87, "T", "DIP", "5V", "", "C", 177.17, 177.17, 125.98, 0],
		[64, "PAD2_101", -280.51, -485.87, "B", "DIP", "5V", "", "C", 177.17, 177.17, 125.98, 0],
		[65, "PAD3_101", -280.51, 485.87, "T", "DIP", "5V", "", "C", 177.17, 177.17, 125.98, 0],
		[66, "PAD3_101", -280.51, 485.87, "B", "DIP", "5V", "", "C", 177.17, 177.17, 125.98, 0]
	]
}
}