{
"lengthUnit": "mil",
"components": {
	"fields": ["COMPONENT_NO", "COMPONENT_NAME", "LAYER", "X_COORDINATE", "Y_COORDINATE", "ANGLE"],
	"rows": [
		[1, "C1", "T", -296.67, -80, 180],
		[2, "C2", "T", 296.67, -80, 0],
		[3, "C3", "T", -160, 195, 180],
		[4, "C4", "T", 160, 195, 0],
		[5, "C5", "T", -1185.51, 70, 270],
		[6, "C6", "T", 1180, 70, 270],
		[7, "C7", "T", -890, -80, 0],
		[8, "C8", "T", 890, -80, 180],
		[9, "C9", "T", -1140, -810, 270],
		[10, "C10", "T", 1140, -810, 270],
		[11, "C11", "T", -1142.44, -557.56, 270],
		[12, "C12", "T", 1142.4, -557.56, 270],
		[13, "C13", "T", -633.95, -465, 90],
		[14, "C14", "T", 633.95, -570, 270],
		[15, "C15", "T", -275, -605, 90],
		[16, "C16", "T", 275, -555, 90],
		[17, "C17", "T", -275, -480, 270],
		[18, "C18", "T", 275, -430, 270],
		[19, "CN3", "T", 1255, 669.29, 90],
		[20, "D1", "T", -820, 280, 90],
		[21, "D2", "T", 820, 280, 270],
		[22, "D3", "T", -465, -375, 180],
		[23, "D4", "T", 460, -655, 0],
		[24, "DC2", "T", -1144.61, 639.92, 0],
		[25, "H1", "T", 1377.95, -196.85, 90],
		[26, "H2", "T", -1377.95, -196.85, 90],
		[27, "L1", "T", -440, 280, 0],
		[28, "L2", "T", 440, 280, 180],
		[29, "POWER1", "T", 0, -855, 0],
		[30, "POWER2", "T", -600, -855, 0],
		[31, "POWER3", "T", 600, -855, 0],
		[32, "R1", "T", -140, 925, 180],
		[33, "R2", "T", -140, 860, 0],
		[34, "R3", "T", 140, 390, 180],
		[35, "R4", "T", 140, 455, 0],
		[36, "R5", "T", -630, -610, 90],
		[37, "R6", "T", -695, -610, 270],
		[38, "R7", "T", 695, -430, 270],
		[39, "R8", "T", 630, -429.66, 90],
		[40, "U1", "T", -355, 660, 180],
		[41, "U2", "T", 355, 660, 0],
		[42, "U3", "T", -895, -540, 0],
		[43, "U4", "T", 895, -540, 180],
		[44, "U5", "T", -460, -565, 0],
		[45, "U6", "T", 460, -465, 180]
	]
},
"pins": {
	"fields": ["PIN_NO", "PIN_NAME", "PIN_X", "PIN_Y", "LAYER", "PIN_TYPE", "NET_NAME", "NET_TYPE", "PAD_SHAPE", "PAD_SIZEX", "PAD_SIZEY", "HOLE_SIZE", "PAD_ANGLE"],
	"rows": [
		[1, "C1_1", -119.51, -80, "T", "SMD", "$1N8312", "", "R", 177.16, 64.96, 0, 180],
		[2, "C1_2", -473.83, -80, "T", "SMD", "GND", "GND", "R", 177.16, 64.96, 0, 180],
		[3, "C2_1", 119.51, -80, "T", "SMD", "$1N8312", "", "R", 177.16, 64.96, 0, 0],
		[4, "C2_2", 473.83, -80, "T", "SMD", "GND", "GND", "R", 177.16, 64.96, 0, 0],
		[5, "C3_1", -132.44, 195, "T", "SMD", "GND", "GND", "R", 31.5, 35.43, 0, 180],
		[6, "C3_2", -187.56, 195, "T", "SMD", "$1N8312", "", "R", 31.5, 35.43, 0, 180],
		[7, "C4_1", 132.44, 195, "T", "SMD", "GND", "GND", "R", 31.5, 35.43, 0, 0],
		[8, "C4_2", 187.56, 195, "T", "SMD", "$1N8312", "", "R", 31.5, 35.43, 0, 0],
		[9, "C5_1", -1185.51, 97.56, "T", "SMD", "GND", "GND", "R", 31.5, 35.43, 0, 270],
		[10, "C5_2", -1185.51, 42.44, "T", "SMD", "24V_1", "", "R", 31.5, 35.43, 0, 270],
		[11, "C6_1", 1180, 97.56, "T", "SMD", "GND", "GND", "R", 31.5, 35.43, 0, 270],
		[12, "C6_2", 1180, 42.44, "T", "SMD", "24V_2", "", "R", 31.5, 35.43, 0, 270],
		[13, "C7_1", -1067.16, -80, "T", "SMD", "24V_1", "", "R", 177.16, 64.96, 0, 0],
		[14, "C7_2", -712.84, -80, "T", "SMD", "GND", "GND", "R", 177.16, 64.96, 0, 0],
		[15, "C8_1", 1067.16, -80, "T", "SMD", "24V_2", "", "R", 177.16, 64.96, 0, 180],
		[16, "C8_2", 712.84, -80, "T", "SMD", "GND", "GND", "R", 177.16, 64.96, 0, 180],
		[17, "C9_1", -1140, -704.88, "T", "SMD", "+5V", "", "R", 137.79, 47.24, 0, 270],
		[18, "C9_2", -1140, -915.12, "T", "SMD", "GND", "GND", "R", 137.79, 47.24, 0, 270],
		[19, "C10_1", 1140, -704.88, "T", "SMD", "+6V", "", "R", 137.79, 47.24, 0, 270],
		[20, "C10_2", 1140, -915.12, "T", "SMD", "GND", "GND", "R", 137.79, 47.24, 0, 270],
		[21, "C11_1", -1142.44, -530, "T", "SMD", "GND", "GND", "R", 31.5, 35.43, 0, 270],
		[22, "C11_2", -1142.44, -585.12, "T", "SMD", "+5V", "", "R", 31.5, 35.43, 0, 270],
		[23, "C12_1", 1142.4, -530, "T", "SMD", "GND", "GND", "R", 31.5, 35.43, 0, 270],
		[24, "C12_2", 1142.4, -585.12, "T", "SMD", "+6V", "", "R", 31.5, 35.43, 0, 270],
		[25, "C13_1", -633.95, -492.56, "T", "SMD", "$1N7197", "", "R", 31.5, 35.43, 0, 90],
		[26, "C13_2", -633.95, -437.44, "T", "SMD", "$1N7196", "", "R", 31.5, 35.43, 0, 90],
		[27, "C14_1", 633.95, -542.44, "T", "SMD", "$1N7216", "", "R", 31.5, 35.43, 0, 270],
		[28, "C14_2", 633.95, -597.56, "T", "SMD", "$1N7209", "", "R", 31.5, 35.43, 0, 270],
		[29, "C15_1", -275, -632.56, "T", "SMD", "GND", "GND", "R", 31.5, 35.43, 0, 90],
		[30, "C15_2", -275, -577.44, "T", "SMD", "$1N7218", "", "R", 31.5, 35.43, 0, 90],
		[31, "C16_1", 275, -582.56, "T", "SMD", "GND", "GND", "R", 31.5, 35.43, 0, 90],
		[32, "C16_2", 275, -527.44, "T", "SMD", "$1N8365", "", "R", 31.5, 35.43, 0, 90],
		[33, "C17_1", -275, -452.44, "T", "SMD", "GND", "GND", "R", 31.5, 35.43, 0, 270],
		[34, "C17_2", -275, -507.56, "T", "SMD", "$1N7218", "", "R", 31.5, 35.43, 0, 270],
		[35, "C18_1", 275, -402.44, "T", "SMD", "GND", "GND", "R", 31.5, 35.43, 0, 270],
		[36, "C18_2", 275, -457.56, "T", "SMD", "$1N8365", "", "R", 31.5, 35.43, 0, 270],
		[37, "CN3_1", 1058.15, 570.87, "T", "DIP", "GND", "GND", "C", 98.42, 98.42, 70.87, 90],
		[38, "CN3_1", 1058.15, 570.87, "B", "DIP", "GND", "GND", "C", 98.42, 98.42, 70.87, 90],
		[39, "CN3_2", 1058.15, 767.72, "T", "DIP", "+POW", "", "C", 98.42, 98.42, 70.87, 90],
		[40, "CN3_2", 1058.15, 767.72, "B", "DIP", "+POW", "", "C", 98.42, 98.42, 70.87, 90],
		[41, "CN3_3", 1451.85, 885.83, "T", "DIP", "+POW", "", "C", 70.87, 70.87, 43.31, 90],
		[42, "CN3_3", 1451.85, 885.83, "B", "DIP", "+POW", "", "C", 70.87, 70.87, 43.31, 90],
		[43, "CN3_4", 1451.85, 452.76, "T", "DIP", "GND", "GND", "C", 70.87, 70.87, 43.31, 90],
		[44, "CN3_4", 1451.85, 452.76, "B", "DIP", "GND", "GND", "C", 70.87, 70.87, 43.31, 90],
		[45, "D1_1", -678.32, 189.45, "T", "SMD", "$1N7163", "", "R", 87.33, 41.89, 0, 180],
		[46, "D1_2", -961.68, 280, "T", "SMD", "24V_1", "", "R", 236.22, 275.59, 0, 90],
		[47, "D1_3", -678.32, 370.55, "T", "SMD", "$1N7163", "", "R", 87.33, 41.89, 0, 180],
		[48, "D2_1", 678.32, 370.55, "T", "SMD", "$1N7176", "", "R", 87.33, 41.89, 0, 0],
		[49, "D2_2", 961.68, 280, "T", "SMD", "24V_2", "", "R", 236.22, 275.59, 0, 270],
		[50, "D2_3", 678.32, 189.45, "T", "SMD", "$1N7176", "", "R", 87.33, 41.89, 0, 0],
		[51, "D3_1", -374.3, -374.63, "T", "SMD", "GND", "GND", "R", 80.57, 63.78, 0, 180],
		[52, "D3_2", -555.7, -375.37, "T", "SMD", "$1N7196", "", "R", 80.57, 63.78, 0, 0],
		[53, "D4_1", 369.3, -655.37, "T", "SMD", "GND", "GND", "R", 80.57, 63.78, 0, 0],
		[54, "D4_2", 550.7, -654.63, "T", "SMD", "$1N7209", "", "R", 80.57, 63.78, 0, 180],
		[55, "DC2_1", -1022.57, 732.44, "T", "DIP", "+POW", "", "O", 78.74, 181.1, 145.67, 0],
		[56, "DC2_1", -1022.57, 732.44, "B", "DIP", "+POW", "", "O", 78.74, 181.1, 145.67, 0],
		[57, "DC2_2", -1266.65, 732.45, "T", "DIP", "GND", "GND", "O", 78.74, 181.1, 145.67, 180],
		[58, "DC2_2", -1266.65, 732.45, "B", "DIP", "GND", "GND", "O", 78.74, 181.1, 145.67, 180],
		[59, "DC2_3", -1140.67, 547.4, "T", "DIP", "GND", "GND", "O", 181.1, 78.74, 145.67, 0],
		[60, "DC2_3", -1140.67, 547.4, "B", "DIP", "GND", "GND", "O", 181.1, 78.74, 145.67, 0],
		[61, "H1_1", 1427.95, -646.85, "T", "DIP", "+6V", "", "R", 66.93, 66.93, 43.31, 90],
		[62, "H1_1", 1427.95, -646.85, "B", "DIP", "+6V", "", "R", 66.93, 66.93, 43.31, 90],
		[63, "H1_2", 1327.95, -646.85, "T", "DIP", "+6V", "", "C", 66.93, 66.93, 43.31, 90],
		[64, "H1_2", 1327.95, -646.85, "B", "DIP", "+6V", "", "C", 66.93, 66.93, 43.31, 90],
		[65, "H1_3", 1427.95, -546.85, "T", "DIP", "+6V", "", "C", 66.93, 66.93, 43.31, 90],
		[66, "H1_3", 1427.95, -546.85, "B", "DIP", "+6V", "", "C", 66.93, 66.93, 43.31, 90],
		[67, "H1_4", 1327.95, -546.85, "T", "DIP", "+6V", "", "C", 66.93, 66.93, 43.31, 90],
		[68, "H1_4", 1327.95, -546.85, "B", "DIP", "+6V", "", "C", 66.93, 66.93, 43.31, 90],
		[69, "H1_5", 1427.95, -446.85, "T", "DIP", "+6V", "", "C", 66.93, 66.93, 43.31, 90],
		[70, "H1_5", 1427.95, -446.85, "B", "DIP", "+6V", "", "C", 66.93, 66.93, 43.31, 90],
		[71, "H1_6", 1327.95, -446.85, "T", "DIP", "+6V", "", "C", 66.93, 66.93, 43.31, 90],
		[72, "H1_6", 1327.95, -446.85, "B", "DIP", "+6V", "", "C", 66.93, 66.93, 43.31, 90],
		[73, "H1_7", 1427.95, -346.85, "T", "DIP", "+6V", "", "C", 66.93, 66.93, 43.31, 90],
		[74, "H1_7", 1427.95, -346.85, "B", "DIP", "+6V", "", "C", 66.93, 66.93, 43.31, 90],
		[75, "H1_8", 1327.95, -346.85, "T", "DIP", "+6V", "", "C", 66.93, 66.93, 43.31, 90],
		[76, "H1_8", 1327.95, -346.85, "B", "DIP", "+6V", "", "C", 66.93, 66.93, 43.31, 90],
		[77, "H1_9", 1427.95, -246.85, "T", "DIP", "GND", "GND", "C", 66.93, 66.93, 43.31, 90],
		[78, "H1_9", 1427.95, -246.85, "B", "DIP", "GND", "GND", "C", 66.93, 66.93, 43.31, 90],
		[79, "H1_10", 1327.95, -246.85, "T", "DIP", "GND", "GND", "C", 66.93, 66.93, 43.31, 90],
		[80, "H1_10", 1327.95, -246.85, "B", "DIP", "GND", "GND", "C", 66.93, 66.93, 43.31, 90],
		[81, "H1_11", 1427.95, -146.85, "T", "DIP", "24V_2", "", "C", 66.93, 66.93, 43.31, 90],
		[82, "H1_11", 1427.95, -146.85, "B", "DIP", "24V_2", "", "C", 66.93, 66.93, 43.31, 90],
		[83, "H1_12", 1327.95, -146.85, "T", "DIP", "24V_2", "", "C", 66.93, 66.93, 43.31, 90],
		[84, "H1_12", 1327.95, -146.85, "B", "DIP", "24V_2", "", "C", 66.93, 66.93, 43.31, 90],
		[85, "H1_13", 1427.95, -46.85, "T", "DIP", "24V_2", "", "C", 66.93, 66.93, 43.31, 90],
		[86, "H1_13", 1427.95, -46.85, "B", "DIP", "24V_2", "", "C", 66.93, 66.93, 43.31, 90],
		[87, "H1_14", 1327.95, -46.85, "T", "DIP", "24V_2", "", "C", 66.93, 66.93, 43.31, 90],
		[88, "H1_14", 1327.95, -46.85, "B", "DIP", "24V_2", "", "C", 66.93, 66.93, 43.31, 90],
		[89, "H1_15", 1427.95, 53.15, "T", "DIP", "24V_2", "", "C", 66.93, 66.93, 43.31, 90],
		[90, "H1_15", 1427.95, 53.15, "B", "DIP", "24V_2", "", "C", 66.93, 66.93, 43.31, 90],
		[91, "H1_16", 1327.95, 53.15, "T", "DIP", "24V_2", "", "C", 66.93, 66.93, 43.31, 90],
		[92, "H1_16", 1327.95, 53.15, "B", "DIP", "24V_2", "", "C", 66.93, 66.93, 43.31, 90],
		[93, "H1_17", 1427.95, 153.15, "T", "DIP", "24V_2", "", "C", 66.93, 66.93, 43.31, 90],
		[94, "H1_17", 1427.95, 153.15, "B", "DIP", "24V_2", "", "C", 66.93, 66.93, 43.31, 90],
		[95, "H1_18", 1327.95, 153.15, "T", "DIP", "24V_2", "", "C", 66.93, 66.93, 43.31, 90],
		[96, "H1_18", 1327.95, 153.15, "B", "DIP", "24V_2", "", "C", 66.93, 66.93, 43.31, 90],
		[97, "H1_19", 1427.95, 253.15, "T", "DIP", "24V_2", "", "C", 66.93, 66.93, 43.31, 90],
		[98, "H1_19", 1427.95, 253.15, "B", "DIP", "24V_2", "", "C", 66.93, 66.93, 43.31, 90],
		[99, "H1_20", 1327.95, 253.15, "T", "DIP", "24V_2", "", "C", 66.93, 66.93, 43.31, 90],
		[100, "H1_20", 1327.95, 253.15, "B", "DIP", "24V_2", "", "C", 66.93, 66.93, 43.31, 90],
		[101, "H2_1", -1327.95, -646.85, "T", "DIP", "+5V", "", "R", 66.93, 66.93, 43.31, 90],
		[102, "H2_1", -1327.95, -646.85, "B", "DIP", "+5V", "", "R", 66.93, 66.93, 43.31, 90],
		[103, "H2_2", -1427.95, -646.85, "T", "DIP", "+5V", "", "C", 66.93, 66.93, 43.31, 90],
		[104, "H2_2", -1427.95, -646.85, "B", "DIP", "+5V", "", "C", 66.93, 66.93, 43.31, 90],
		[105, "H2_3", -1327.95, -546.85, "T", "DIP", "+5V", "", "C", 66.93, 66.93, 43.31, 90],
		[106, "H2_3", -1327.95, -546.85, "B", "DIP", "+5V", "", "C", 66.93, 66.93, 43.31, 90],
		[107, "H2_4", -1427.95, -546.85, "T", "DIP", "+5V", "", "C", 66.93, 66.93, 43.31, 90],
		[108, "H2_4", -1427.95, -546.85, "B", "DIP", "+5V", "", "C", 66.93, 66.93, 43.31, 90],
		[109, "H2_5", -1327.95, -446.85, "T", "DIP", "+5V", "", "C", 66.93, 66.93, 43.31, 90],
		[110, "H2_5", -1327.95, -446.85, "B", "DIP", "+5V", "", "C", 66.93, 66.93, 43.31, 90],
		[111, "H2_6", -1427.95, -446.85, "T", "DIP", "+5V", "", "C", 66.93, 66.93, 43.31, 90],
		[112, "H2_6", -1427.95, -446.85, "B", "DIP", "+5V", "", "C", 66.93, 66.93, 43.31, 90],
		[113, "H2_7", -1327.95, -346.85, "T", "DIP", "+5V", "", "C", 66.93, 66.93, 43.31, 90],
		[114, "H2_7", -1327.95, -346.85, "B", "DIP", "+5V", "", "C", 66.93, 66.93, 43.31, 90],
		[115, "H2_8", -1427.95, -346.85, "T", "DIP", "+5V", "", "C", 66.93, 66.93, 43.31, 90],
		[116, "H2_8", -1427.95, -346.85, "B", "DIP", "+5V", "", "C", 66.93, 66.93, 43.31, 90],
		[117, "H2_9", -1327.95, -246.85, "T", "DIP", "GND", "GND", "C", 66.93, 66.93, 43.31, 90],
		[118, "H2_9", -1327.95, -246.85, "B", "DIP", "GND", "GND", "C", 66.93, 66.93, 43.31, 90],
		[119, "H2_10", -1427.95, -246.85, "T", "DIP", "GND", "GND", "C", 66.93, 66.93, 43.31, 90],
		[120, "H2_10", -1427.95, -246.85, "B", "DIP", "GND", "GND", "C", 66.93, 66.93, 43.31, 90],
		[121, "H2_11", -1327.95, -146.85, "T", "DIP", "24V_1", "", "C", 66.93, 66.93, 43.31, 90],
		[122, "H2_11", -1327.95, -146.85, "B", "DIP", "24V_1", "", "C", 66.93, 66.93, 43.31, 90],
		[123, "H2_12", -1427.95, -146.85, "T", "DIP", "24V_1", "", "C", 66.93, 66.93, 43.31, 90],
		[124, "H2_12", -1427.95, -146.85, "B", "DIP", "24V_1", "", "C", 66.93, 66.93, 43.31, 90],
		[125, "H2_13", -1327.95, -46.85, "T", "DIP", "24V_1", "", "C", 66.93, 66.93, 43.31, 90],
		[126, "H2_13", -1327.95, -46.85, "B", "DIP", "24V_1", "", "C", 66.93, 66.93, 43.31, 90],
		[127, "H2_14", -1427.95, -46.85, "T", "DIP", "24V_1", "", "C", 66.93, 66.93, 43.31, 90],
		[128, "H2_14", -1427.95, -46.85, "B", "DIP", "24V_1", "", "C", 66.93, 66.93, 43.31, 90],
		[129, "H2_15", -1327.95, 53.15, "T", "DIP", "24V_1", "", "C", 66.93, 66.93, 43.31, 90],
		[130, "H2_15", -1327.95, 53.15, "B", "DIP", "24V_1", "", "C", 66.93, 66.93, 43.31, 90],
		[131, "H2_16", -1427.95, 53.15, "T", "DIP", "24V_1", "", "C", 66.93, 66.93, 43.31, 90],
		[132, "H2_16", -1427.95, 53.15, "B", "DIP", "24V_1", "", "C", 66.93, 66.93, 43.31, 90],
		[133, "H2_17", -1327.95, 153.15, "T", "DIP", "24V_1", "", "C", 66.93, 66.93, 43.31, 90],
		[134, "H2_17", -1327.95, 153.15, "B", "DIP", "24V_1", "", "C", 66.93, 66.93, 43.31, 90],
		[135, "H2_18", -1427.95, 153.15, "T", "DIP", "24V_1", "", "C", 66.93, 66.93, 43.31, 90],
		[136, "H2_18", -1427.95, 153.15, "B", "DIP", "24V_1", "", "C", 66.93, 66.93, 43.31, 90],
		[137, "H2_19", -1327.95, 253.15, "T", "DIP", "24V_1", "", "C", 66.93, 66.93, 43.31, 90],
		[138, "H2_19", -1327.95, 253.15, "B", "DIP", "24V_1", "", "C", 66.93, 66.93, 43.31, 90],
		[139, "H2_20", -1427.95, 253.15, "T", "DIP", "24V_1", "", "C", 66.93, 66.93, 43.31, 90],
		[140, "H2_20", -1427.95, 253.15, "B", "DIP", "24V_1", "", "C", 66.93, 66.93, 43.31, 90],
		[141, "L1_1", -316.85, 280, "T", "SMD", "$1N8312", "", "R", 95.43, 142.52, 0, 0],
		[142, "L1_2", -563.15, 280, "T", "SMD", "$1N7163", "", "R", 95.43, 142.52, 0, 0],
		[143, "L2_1", 316.85, 280, "T", "SMD", "$1N8312", "", "R", 95.43, 142.52, 0, 180],
		[144, "L2_2", 563.15, 280, "T", "SMD", "$1N7176", "", "R", 95.43, 142.52, 0, 180],
		[145, "POWER1_1", -185.04, -855, "T", "DIP", "+POW", "", "R", 98.42, 118.11, 70.87, 0],
		[146, "POWER1_1", -185.04, -855, "B", "DIP", "+POW", "", "R", 98.42, 118.11, 70.87, 0],
		[147, "POWER1_2", 0, -855, "T", "DIP", "$1N8312", "", "C", 118.11, 118.11, 70.87, 0],
		[148, "POWER1_2", 0, -855, "B", "DIP", "$1N8312", "", "C", 118.11, 118.11, 70.87, 0],
		[149, "POWER1_3", 185.04, -855, "T", "DIP", "POWER1_3", "", "C", 118.11, 118.11, 70.87, 0],
		[150, "POWER1_3", 185.04, -855, "B", "DIP", "POWER1_3", "", "C", 118.11, 118.11, 70.87, 0],
		[151, "POWER2_1", -785.04, -855, "T", "DIP", "+POW", "", "R", 98.42, 118.11, 70.87, 0],
		[152, "POWER2_1", -785.04, -855, "B", "DIP", "+POW", "", "R", 98.42, 118.11, 70.87, 0],
		[153, "POWER2_2", -600, -855, "T", "DIP", "$1N7218", "", "C", 118.11, 118.11, 70.87, 0],
		[154, "POWER2_2", -600, -855, "B", "DIP", "$1N7218", "", "C", 118.11, 118.11, 70.87, 0],
		[155, "POWER2_3", -414.96, -855, "T", "DIP", "POWER2_3", "", "C", 118.11, 118.11, 70.87, 0],
		[156, "POWER2_3", -414.96, -855, "B", "DIP", "POWER2_3", "", "C", 118.11, 118.11, 70.87, 0],
		[157, "POWER3_1", 414.96, -855, "T", "DIP", "$1N8365", "", "R", 98.42, 118.11, 70.87, 0],
		[158, "POWER3_1", 414.96, -855, "B", "DIP", "$1N8365", "", "R", 98.42, 118.11, 70.87, 0],
		[159, "POWER3_2", 600, -855, "T", "DIP", "+POW", "", "C", 118.11, 118.11, 70.87, 0],
		[160, "POWER3_2", 600, -855, "B", "DIP", "+POW", "", "C", 118.11, 118.11, 70.87, 0],
		[161, "POWER3_3", 785.04, -855, "T", "DIP", "POWER3_3", "", "C", 118.11, 118.11, 70.87, 0],
		[162, "POWER3_3", 785.04, -855, "B", "DIP", "POWER3_3", "", "C", 118.11, 118.11, 70.87, 0],
		[163, "R1_1", -110.34, 925, "T", "SMD", "$1N7164", "", "R", 31.75, 34.02, 0, 180],
		[164, "R1_2", -169.66, 925, "T", "SMD", "24V_1", "", "R", 31.75, 34.02, 0, 180],
		[165, "R2_1", -169.66, 860, "T", "SMD", "GND", "GND", "R", 31.75, 34.02, 0, 0],
		[166, "R2_2", -110.34, 860, "T", "SMD", "$1N7164", "", "R", 31.75, 34.02, 0, 0],
		[167, "R3_1", 169.66, 390, "T", "SMD", "$1N7175", "", "R", 31.75, 34.02, 0, 180],
		[168, "R3_2", 110.34, 390, "T", "SMD", "24V_2", "", "R", 31.75, 34.02, 0, 180],
		[169, "R4_1", 110.34, 455, "T", "SMD", "GND", "GND", "R", 31.75, 34.02, 0, 0],
		[170, "R4_2", 169.66, 455, "T", "SMD", "$1N7175", "", "R", 31.75, 34.02, 0, 0],
		[171, "R5_1", -630, -639.66, "T", "SMD", "$1N7193", "", "R", 31.75, 34.02, 0, 90],
		[172, "R5_2", -630, -580.34, "T", "SMD", "+5V", "", "R", 31.75, 34.02, 0, 90],
		[173, "R6_1", -695, -580.34, "T", "SMD", "GND", "GND", "R", 31.75, 34.02, 0, 270],
		[174, "R6_2", -695, -639.66, "T", "SMD", "$1N7193", "", "R", 31.75, 34.02, 0, 270],
		[175, "R7_1", 695, -400.34, "T", "SMD", "$1N7211", "", "R", 31.75, 34.02, 0, 270],
		[176, "R7_2", 695, -459.66, "T", "SMD", "+6V", "", "R", 31.75, 34.02, 0, 270],
		[177, "R8_1", 630, -459.32, "T", "SMD", "GND", "GND", "R", 31.75, 34.02, 0, 90],
		[178, "R8_2", 630, -400, "T", "SMD", "$1N7211", "", "R", 31.75, 34.02, 0, 90],
		[179, "U1_1", -145, 526.16, "T", "SMD", "GND", "GND", "R", 157.48, 42.1, 0, 180],
		[180, "U1_2", -145, 593.08, "T", "SMD", "U1_2", "", "R", 157.48, 42.1, 0, 180],
		[181, "U1_3", -145, 660, "T", "SMD", "$1N7163", "", "R", 157.48, 42.1, 0, 180],
		[182, "U1_4", -145, 726.92, "T", "SMD", "$1N8312", "", "R", 157.48, 42.1, 0, 180],
		[183, "U1_5", -145, 793.84, "T", "SMD", "$1N7164", "", "R", 157.48, 42.1, 0, 180],
		[184, "U1_6", -565, 660, "T", "SMD", "$1N7163", "", "R", 419.68, 350, 0, 90],
		[185, "U2_1", 145, 793.84, "T", "SMD", "GND", "GND", "R", 157.48, 42.1, 0, 0],
		[186, "U2_2", 145, 726.92, "T", "SMD", "U2_2", "", "R", 157.48, 42.1, 0, 0],
		[187, "U2_3", 145, 660, "T", "SMD", "$1N7176", "", "R", 157.48, 42.1, 0, 0],
		[188, "U2_4", 145, 593.08, "T", "SMD", "$1N8312", "", "R", 157.48, 42.1, 0, 0],
		[189, "U2_5", 145, 526.16, "T", "SMD", "$1N7175", "", "R", 157.48, 42.1, 0, 0],
		[190, "U2_6", 565, 660, "T", "SMD", "$1N7176", "", "R", 419.68, 350, 0, 270],
		[191, "U3_1", -1007.21, -540, "T", "SMD", "+5V", "", "R", 92.52, 137.79, 0, 0],
		[192, "U3_2", -782.79, -540, "T", "SMD", "$1N7196", "", "R", 92.52, 137.79, 0, 0],
		[193, "U4_1", 1007.21, -540, "T", "SMD", "+6V", "", "R", 92.52, 137.79, 0, 180],
		[194, "U4_2", 782.79, -540, "T", "SMD", "$1N7209", "", "R", 92.52, 137.79, 0, 180],
		[195, "U5_1", -566.29, -490, "T", "SMD", "$1N7197", "", "R", 51.18, 23.62, 0, 0],
		[196, "U5_2", -566.29, -540, "T", "SMD", "U5_2", "", "R", 51.18, 23.62, 0, 0],
		[197, "U5_3", -566.29, -590, "T", "SMD", "U5_3", "", "R", 51.18, 23.62, 0, 0],
		[198, "U5_4", -566.29, -640, "T", "SMD", "$1N7193", "", "R", 51.18, 23.62, 0, 0],
		[199, "U5_5", -353.7, -640, "T", "SMD", "U5_5", "", "R", 51.18, 23.62, 0, 0],
		[200, "U5_6", -353.7, -590, "T", "SMD", "GND", "GND", "R", 51.18, 23.62, 0, 0],
		[201, "U5_7", -353.7, -540, "T", "SMD", "$1N7218", "", "R", 51.18, 23.62, 0, 0],
		[202, "U5_8", -353.7, -490, "T", "SMD", "$1N7196", "", "R", 51.18, 23.62, 0, 0],
		[203, "U5_9", -460, -565, "T", "SMD", "GND", "GND", "R", 98.42, 137.79, 0, 0],
		[204, "U6_1", 566.29, -540, "T", "SMD", "$1N7216", "", "R", 51.18, 23.62, 0, 180],
		[205, "U6_2", 566.29, -490, "T", "SMD", "U6_2", "", "R", 51.18, 23.62, 0, 180],
		[206, "U6_3", 566.29, -440, "T", "SMD", "U6_3", "", "R", 51.18, 23.62, 0, 180],
		[207, "U6_4", 566.29, -390, "T", "SMD", "$1N7211", "", "R", 51.18, 23.62, 0, 180],
		[208, "U6_5", 353.7, -390, "T", "SMD", "U6_5", "", "R", 51.18, 23.62, 0, 180],
		[209, "U6_6", 353.7, -440, "T", "SMD", "GND", "GND", "R", 51.18, 23.62, 0, 180],
		[210, "U6_7", 353.7, -490, "T", "SMD", "$1N8365", "", "R", 51.18, 23.62, 0, 180],
		[211, "U6_8", 353.7, -540, "T", "SMD", "$1N7209", "", "R", 51.18, 23.62, 0, 180],
		[212, "U6_9", 460, -465, "T", "SMD", "GND", "GND", "R", 98.42, 137.79, 0, 180]
	]
}
}